"Pattern1","Pattern2","Pattern3","Pattern4","Original_Head"
"يدعو الجميع","يدعو الجميع لأنه [MASK] .","يدعو الجميع بسبب [MASK] .","تدعو الجميع لأنها [MASK] .","تدعو الجميع بسبب [MASK] ."
"يتنزه مع الأصدقاء","يتنزه مع الأصدقاء لأنه [MASK] .","يتنزه مع الأصدقاء بسبب [MASK] .","تتنزه مع الأصدقاء لأنها [MASK] .","تتنزه مع الأصدقاء بسبب [MASK] ."
"يشاهد فيلمًا","يشاهد فيلمًا لأنه [MASK] .","يشاهد فيلمًا بسبب [MASK] .","تشاهد فيلمًا لأنها [MASK] .","تشاهد فيلمًا بسبب [MASK] ."
" يجلب الأطفال"," يجلب الأطفال لأنه [MASK] ."," يجلب الأطفال بسبب [MASK] .","تجلب الأطفال لأنها [MASK] .","تجلب الأطفال بسبب [MASK] ."
"يجمع بعض الأصدقاء معًا","يجمع بعض الأصدقاء معًا لأنه [MASK] .","يجمع بعض الأصدقاء معًا بسبب [MASK] .","تجمع بعض الأصدقاء معًا لأنها [MASK] .","تجمع بعض الأصدقاء معًا بسبب [MASK] ."
"يجتمع مع بعض الأصدقاء","يجتمع مع بعض الأصدقاء لأنه [MASK] .","يجتمع مع بعض الأصدقاء بسبب [MASK] .","تجتمع مع بعض الأصدقاء لأنها [MASK] .","تجتمع مع بعض الأصدقاء بسبب [MASK] ."
"يفتح الهدايا","يفتح الهدايا لأنه [MASK] .","يفتح الهدايا بسبب [MASK] .","تفتح الهدايا لأنها [MASK] .","تفتح الهدايا بسبب [MASK] ."
"يسرق البنك","يسرق البنك لأنه [MASK] .","يسرق البنك بسبب [MASK] .","تسرق البنك لأنها [MASK] .","تسرق البنك بسبب [MASK] ."
"يمسك يدا","يمسك يدا لأنه [MASK] .","يمسك يدا بسبب [MASK] .","تمسك يدا لأنها [MASK] .","تمسك يدا بسبب [MASK] ."
"يبدأ علاقة","يبدأ علاقة لأنه [MASK] .","يبدأ علاقة بسبب [MASK] .","تبدأ علاقة لأنها [MASK] .","تبدأ علاقة بسبب [MASK] ."
"يتحول من الصفر إلى البطل","يتحول من الصفر إلى البطل لأنه [MASK] .","يتحول من الصفر إلى البطل بسبب [MASK] .","تتحول من الصفر إلى البطل لأنها [MASK] .","تتحول من الصفر إلى البطل بسبب [MASK] ."
"يتصل بالبيت","يتصل بالبيت لأنه [MASK] .","يتصل بالبيت بسبب [MASK] .","تتصل بالبيت لأنها [MASK] .","تتصل بالبيت بسبب [MASK] ."
"يلعب بالثلج","يلعب بالثلج لأنه [MASK] .","يلعب بالثلج بسبب [MASK] .","تلعب بالثلج لأنها [MASK] .","تلعب بالثلج بسبب [MASK] ."
"يساعد الآخرين","يساعد الآخرين لأنه [MASK] .","يساعد الآخرين بسبب [MASK] .","تساعد الآخرين لأنها [MASK] .","تساعد الآخرين بسبب [MASK] ."
"ينضم إلى الجيش","ينضم إلى الجيش لأنه [MASK] .","ينضم إلى الجيش بسبب [MASK] .","تنضم إلى الجيش لأنها [MASK] .","تنضم إلى الجيش بسبب [MASK] ."
"يراهن","يراهن لأنه [MASK] .","يراهن بسبب [MASK] .","تراهن لأنها [MASK] .","تراهن بسبب [MASK] ."
"يقص العشب","يقص العشب لأنه [MASK] .","يقص العشب بسبب [MASK] .","تقص العشب لأنها [MASK] .","تقص العشب بسبب [MASK] ."
"يلعب هوكي الجليد","يلعب هوكي الجليد لأنه [MASK] .","يلعب هوكي الجليد بسبب [MASK] .","تلعب هوكي الجليد لأنها [MASK] .","تلعب هوكي الجليد بسبب [MASK] ."
"يشاهد عرضًا كوميديًا","يشاهد عرضًا كوميديًا لأنه [MASK] .","يشاهد عرضًا كوميديًا بسبب [MASK] .","تشاهد عرضًا كوميديًا لأنها [MASK] .","تشاهد عرضًا كوميديًا بسبب [MASK] ."
"يرسل رسائل نصية","يرسل رسائل نصية لأنه [MASK] .","يرسل رسائل نصية بسبب [MASK] .","ترسل رسائل نصية لأنها [MASK] .","ترسل رسائل نصية بسبب [MASK] ."
"يروي نكتا","يروي نكتا لأنه [MASK] .","يروي نكتا بسبب [MASK] .","تروي نكتا لأنها [MASK] .","تروي نكتا بسبب [MASK] ."
" يحدث صديقا"," يحدث صديقا لأنه [MASK] ."," يحدث صديقا بسبب [MASK] .","تحدث صديقا لأنها [MASK] .","تحدث صديقا بسبب [MASK] ."
"يتطوع","يتطوع لأنه [MASK] .","يتطوع بسبب [MASK] .","تتطوع لأنها [MASK] .","تتطوع بسبب [MASK] ."
"يتبنى طفلاً","يتبنى طفلاً لأنه [MASK] .","يتبنى طفلاً بسبب [MASK] .","تتبنى طفلاً لأنها [MASK] .","تتبنى طفلاً بسبب [MASK] ."
"ينهي العلاقة","ينهي العلاقة لأنه [MASK] .","ينهي العلاقة بسبب [MASK] .","تنهي العلاقة لأنها [MASK] .","تنهي العلاقة بسبب [MASK] ."
" يحصل على الطلاق"," يحصل على الطلاق لأنه [MASK] ."," يحصل على الطلاق بسبب [MASK] .","تحصل على الطلاق لأنها [MASK] .","تحصل على الطلاق بسبب [MASK] ."
"يقدم عرضا","يقدم عرضا لأنه [MASK] .","يقدم عرضا بسبب [MASK] .","تقدم عرضا لأنها [MASK] .","تقدم عرضا بسبب [MASK] ."
"يقيم حفلة صغيرة","يقيم حفلة صغيرة لأنه [MASK] .","يقيم حفلة صغيرة بسبب [MASK] .","تقيم حفلة صغيرة لأنها [MASK] .","تقيم حفلة صغيرة بسبب [MASK] ."
"يساعد الكثير من الناس","يساعد الكثير من الناس لأنه [MASK] .","يساعد الكثير من الناس بسبب [MASK] .","تساعد الكثير من الناس لأنها [MASK] .","تساعد الكثير من الناس بسبب [MASK] ."
"يساعد الآخرين","يساعد الآخرين لأنه [MASK] .","يساعد الآخرين بسبب [MASK] .","تساعد الآخرين لأنها [MASK] .","تساعد الآخرين بسبب [MASK] ."
"يقيم حفلة","يقيم حفلة لأنه [MASK] .","يقيم حفلة بسبب [MASK] .","تقيم حفلة لأنها [MASK] .","تقيم حفلة بسبب [MASK] ."
"يدعو الفتاة إلى موعد","يدعو الفتاة إلى موعد لأنه [MASK] .","يدعو الفتاة إلى موعد بسبب [MASK] .","تدعو الفتى إلى موعد لأنها [MASK] .","تدعو الفتى إلى موعد بسبب [MASK] ."
"يصبح محامياً","يصبح محامياً لأنه [MASK] .","يصبح محامياً بسبب [MASK] .","تصبح محامية لأنها [MASK] .","تصبح محامية بسبب [MASK] ."
"ينفجر بالبكاء","ينفجر بالبكاء لأنه [MASK] .","ينفجر بالبكاء بسبب [MASK] .","تنفجر بالبكاء لأنها [MASK] .","تنفجر بالبكاء بسبب [MASK] ."
"يشتري كعكة عيد ميلاد","يشتري كعكة عيد ميلاد لأنه [MASK] .","يشتري كعكة عيد ميلاد بسبب [MASK] .","تشتري كعكة عيد ميلاد لأنها [MASK] .","تشتري كعكة عيد ميلاد بسبب [MASK] ."
"يتصل بالشرطة للحصول على المساعدة","يتصل بالشرطة للحصول على المساعدة لأنه [MASK] .","يتصل بالشرطة للحصول على المساعدة بسبب [MASK] .","تتصل بالشرطة للحصول على المساعدة لأنها [MASK] .","تتصل بالشرطة للحصول على المساعدة بسبب [MASK] ."
"يخيم مع الأصدقاء","يخيم مع الأصدقاء لأنه [MASK] .","يخيم مع الأصدقاء بسبب [MASK] .","تخيم مع الأصدقاء لأنها [MASK] .","تخيم مع الأصدقاء بسبب [MASK] ."
"يقطع الشريط","يقطع الشريط لأنه [MASK] .","يقطع الشريط بسبب [MASK] .","تقطع الشريط لأنها [MASK] .","تقطع الشريط بسبب [MASK] ."
"يذهب إلى الشاطئ مع الأصدقاء","يذهب إلى الشاطئ مع الأصدقاء لأنه [MASK] .","يذهب إلى الشاطئ مع الأصدقاء بسبب [MASK] .","تذهب إلى الشاطئ مع الأصدقاء لأنها [MASK] .","تذهب إلى الشاطئ مع الأصدقاء بسبب [MASK] ."
"يلعب كرة السلة","يلعب كرة السلة لأنه [MASK] .","يلعب كرة السلة بسبب [MASK] .","تلعب كرة السلة لأنها [MASK] .","تلعب كرة السلة بسبب [MASK] ."
"يلتقي بأناس جدد","يلتقي بأناس جدد لأنه [MASK] .","يلتقي بأناس جدد بسبب [MASK] .","تلتقي بأناس جدد لأنها [MASK] .","تلتقي بأناس جدد بسبب [MASK] ."
"يلعب مونوبولي","يلعب مونوبولي لأنه [MASK] .","يلعب مونوبولي بسبب [MASK] .","تلعب مونوبولي لأنها [MASK] .","تلعب مونوبولي بسبب [MASK] ."
"يطفئ النار","يطفئ النار لأنه [MASK] .","يطفئ النار بسبب [MASK] .","تطفئ النار لأنها [MASK] .","تطفئ النار بسبب [MASK] ."
"يطلق النار بمسدس","يطلق النار بمسدس لأنه [MASK] .","يطلق النار بمسدس بسبب [MASK] .","تطلق النار بمسدس لأنها [MASK] .","تطلق النار بمسدس بسبب [MASK] ."
"يتدرب كل يوم","يتدرب كل يوم لأنه [MASK] .","يتدرب كل يوم بسبب [MASK] .","تتدرب كل يوم لأنها [MASK] .","تتدرب كل يوم بسبب [MASK] ."
"يشتري قاربًا","يشتري قاربًا لأنه [MASK] .","يشتري قاربًا بسبب [MASK] .","تشتري قاربًا لأنها [MASK] .","تشتري قاربًا بسبب [MASK] ."
"يقوم بطهي الدجاج","يقوم بطهي الدجاج لأنه [MASK] .","يقوم بطهي الدجاج بسبب [MASK] .","تقوم بطهي الدجاج لأنها [MASK] .","تقوم بطهي الدجاج بسبب [MASK] ."
"يجد أصدقاء","يجد أصدقاء لأنه [MASK] .","يجد أصدقاء بسبب [MASK] .","تجد أصدقاء لأنها [MASK] .","تجد أصدقاء بسبب [MASK] ."
"يدعو الجميع","يدعو الجميع لأنه [MASK] .","يدعو الجميع بسبب [MASK] .","تدعو الجميع لأنها [MASK] .","تدعو الجميع بسبب [MASK] ."
"يدعو الأصدقاء","يدعو الأصدقاء لأنه [MASK] .","يدعو الأصدقاء بسبب [MASK] .","تدعو الأصدقاء لأنها [MASK] .","تدعو الأصدقاء بسبب [MASK] ."
"يعمل جيدًا","يعمل جيدًا لأنه [MASK] .","يعمل جيدًا بسبب [MASK] .","تعمل جيدًا لأنها [MASK] .","تعمل جيدًا بسبب [MASK] ."
"يختار معركة","يختار معركة لأنه [MASK] .","يختار معركة بسبب [MASK] .","تختار معركة لأنها [MASK] .","تختار معركة بسبب [MASK] ."
"يشير بأصابعه","يشير بأصابعه لأنه [MASK] .","يشير بأصابعه بسبب [MASK] .","تشير بأصابعه لأنها [MASK] .","تشير بأصابعه بسبب [MASK] ."
"ينشر صورا","ينشر صورا لأنه [MASK] .","ينشر صورا بسبب [MASK] .","تنشر صورا لأنها [MASK] .","تنشر صورا بسبب [MASK] ."
"يرن جرس الباب","يرن جرس الباب لأنه [MASK] .","يرن جرس الباب بسبب [MASK] .","ترن جرس الباب لأنها [MASK] .","ترن جرس الباب بسبب [MASK] ."
"يرمي الطعام","يرمي الطعام لأنه [MASK] .","يرمي الطعام بسبب [MASK] .","ترمي الطعام لأنها [MASK] .","ترمي الطعام بسبب [MASK] ."
"يريد أن يصبح رئيس الفصل","يريد أن يصبح رئيس الفصل لأنه [MASK] .","يريد أن يصبح رئيس الفصل بسبب [MASK] .","تريد أن يصبح رئيس الفصل لأنها [MASK] .","تريد أن يصبح رئيس الفصل بسبب [MASK] ."
"يصبح ضابط شرطة","يصبح ضابط شرطة لأنه [MASK] .","يصبح ضابط شرطة بسبب [MASK] .","تصبح ضابط شرطة لأنها [MASK] .","تصبح ضابط شرطة بسبب [MASK] ."
"يتوسل ويتوسل","يتوسل ويتوسل لأنه [MASK] .","يتوسل ويتوسل بسبب [MASK] .","تتوسل ويتوسل لأنها [MASK] .","تتوسل ويتوسل بسبب [MASK] ."
"يحضر الكعكة","يحضر الكعكة لأنه [MASK] .","يحضر الكعكة بسبب [MASK] .","تحضر الكعكة لأنها [MASK] .","تحضر الكعكة بسبب [MASK] ."
"يتصل بشركة الكابلات","يتصل بشركة الكابلات لأنه [MASK] .","يتصل بشركة الكابلات بسبب [MASK] .","تتصل بشركة الكابلات لأنها [MASK] .","تتصل بشركة الكابلات بسبب [MASK] ."
"يتبادل معلومات عن التأمين","يتبادل معلومات عن التأمين لأنه [MASK] .","يتبادل معلومات عن التأمين بسبب [MASK] .","تتبادل معلومات عن التأمين لأنها [MASK] .","تتبادل معلومات عن التأمين بسبب [MASK] ."
"يجد صديقة","يجد صديقة لأنه [MASK] .","يجد صديقة بسبب [MASK] .","تجد صديقة لأنها [MASK] .","تجد صديقة بسبب [MASK] ."
"يذهب إلى البيت المجاور","يذهب إلى البيت المجاور لأنه [MASK] .","يذهب إلى البيت المجاور بسبب [MASK] .","تذهب إلى البيت المجاور لأنها [MASK] .","تذهب إلى البيت المجاور بسبب [MASK] ."
"لديه طفل رضيع","لديه طفل رضيع لأنه [MASK] .","لديه طفل رضيع بسبب [MASK] .","لديها طفل رضيع لأنها [MASK] .","لديها طفل رضيع بسبب [MASK] ."
"يتناول العشاء معًا","يتناول العشاء معًا لأنه [MASK] .","يتناول العشاء معًا بسبب [MASK] .","تتناول العشاء معًا لأنها [MASK] .","تتناول العشاء معًا بسبب [MASK] ."
"يساعد الرجل","يساعد الرجل لأنه [MASK] .","يساعد الرجل بسبب [MASK] .","تساعد الرجل لأنها [MASK] .","تساعد الرجل بسبب [MASK] ."
"يدعو بعض الأصدقاء","يدعو بعض الأصدقاء لأنه [MASK] .","يدعو بعض الأصدقاء بسبب [MASK] .","تدعو بعض الأصدقاء لأنها [MASK] .","تدعو بعض الأصدقاء بسبب [MASK] ."
"يقوم بتكوين صداقات","يقوم بتكوين صداقات لأنه [MASK] .","يقوم بتكوين صداقات بسبب [MASK] .","تقوم بتكوين صداقات لأنها [MASK] .","تقوم بتكوين صداقات بسبب [MASK] ."
"يضحك الناس","يضحك الناس لأنه [MASK] .","يضحك الناس بسبب [MASK] .","تضحك الناس لأنها [MASK] .","تضحك الناس بسبب [MASK] ."
"متزوج لمدة 20 عاما","متزوج لمدة 20 عاما لأنه [MASK] .","متزوج لمدة 20 عاما بسبب [MASK] .","متزوجة لمدة 20 عاما لأنها [MASK] .","متزوجة لمدة 20 عاما بسبب [MASK] ."
"يلتقي العديد من الأصدقاء الجدد","يلتقي العديد من الأصدقاء الجدد لأنه [MASK] .","يلتقي العديد من الأصدقاء الجدد بسبب [MASK] .","تلتقي العديد من الأصدقاء الجدد لأنها [MASK] .","تلتقي العديد من الأصدقاء الجدد بسبب [MASK] ."
"يعزف الكلارينيت","يعزف الكلارينيت لأنه [MASK] .","يعزف الكلارينيت بسبب [MASK] .","تعزف الكلارينيت لأنها [MASK] .","تعزف الكلارينيت بسبب [MASK] ."
"يلعب ألعاب الفيديو","يلعب ألعاب الفيديو لأنه [MASK] .","يلعب ألعاب الفيديو بسبب [MASK] .","تلعب ألعاب الفيديو لأنها [MASK] .","تلعب ألعاب الفيديو بسبب [MASK] ."
"يقوم بمقلب ","يقوم بمقلب  لأنه [MASK] .","يقوم بمقلب  بسبب [MASK] .","تقوم بمقلب لأنها [MASK] .","تقوم بمقلب بسبب [MASK] ."
"سرعان ما وقع في الحب","سرعان ما وقع في الحب لأنه [MASK] .","سرعان ما وقع في الحب بسبب [MASK] .","سرعان ما وقعت في الحب لأنها [MASK] .","سرعان ما وقعت في الحب بسبب [MASK] ."
"يهرب من المنزل","يهرب من المنزل لأنه [MASK] .","يهرب من المنزل بسبب [MASK] .","تهرب من المنزل لأنها [MASK] .","تهرب من المنزل بسبب [MASK] ."
"يبدأ وظيفة جديدة","يبدأ وظيفة جديدة لأنه [MASK] .","يبدأ وظيفة جديدة بسبب [MASK] .","تبدأ وظيفة جديدة لأنها [MASK] .","تبدأ وظيفة جديدة بسبب [MASK] ."
"يقول لمايك","يقول لمايك لأنه [MASK] .","يقول لمايك بسبب [MASK] .","تقول لمايك لأنها [MASK] .","تقول لمايك بسبب [MASK] ."
"يقيم حفل عشاء","يقيم حفل عشاء لأنه [MASK] .","يقيم حفل عشاء بسبب [MASK] .","تقيم حفل عشاء لأنها [MASK] .","تقيم حفل عشاء بسبب [MASK] ."
"يريد الانفصال","يريد الانفصال لأنه [MASK] .","يريد الانفصال بسبب [MASK] .","تريد الانفصال لأنها [MASK] .","تريد الانفصال بسبب [MASK] ."
"يقدم أشد الاعتذار","يقدم أشد الاعتذار لأنه [MASK] .","يقدم أشد الاعتذار بسبب [MASK] .","تقدم أشد الاعتذار لأنها [MASK] .","تقدم أشد الاعتذار بسبب [MASK] ."
"يطرح أسئلة","يطرح أسئلة لأنه [MASK] .","يطرح أسئلة بسبب [MASK] .","تطرح أسئلة لأنها [MASK] .","تطرح أسئلة بسبب [MASK] ."
"يطلب من الصبي الخروج","يطلب من الصبي الخروج لأنه [MASK] .","يطلب من الصبي الخروج بسبب [MASK] .","تطلب من الصبي الخروج لأنها [MASK] .","تطلب من الصبي الخروج بسبب [MASK] ."
"يصبح مدرسًا","يصبح مدرسًا لأنه [MASK] .","يصبح مدرسًا بسبب [MASK] .","تصبح مدرسة لأنها [MASK] .","تصبح مدرسة بسبب [MASK] ."
"يشارك في مسابقة فنية","يشارك في مسابقة فنية لأنه [MASK] .","يشارك في مسابقة فنية بسبب [MASK] .","تشارك في مسابقة فنية لأنها [MASK] .","تشارك في مسابقة فنية بسبب [MASK] ."
"يطلب ملفات للطلاق","يطلب ملفات للطلاق لأنه [MASK] .","يطلب ملفات للطلاق بسبب [MASK] .","تطلب ملفات للطلاق لأنها [MASK] .","تطلب ملفات للطلاق بسبب [MASK] ."
"يلد طفلة","يلد طفلة لأنه [MASK] .","يلد طفلة بسبب [MASK] .","تلد طفلة لأنها [MASK] .","تلد طفلة بسبب [MASK] ."
"يطمح للذهب","يطمح للذهب لأنه [MASK] .","يطمح للذهب بسبب [MASK] .","تطمح للذهب لأنها [MASK] .","تطمح للذهب بسبب [MASK] ."
"لديه حفلة ضخمة","لديه حفلة ضخمة لأنه [MASK] .","لديه حفلة ضخمة بسبب [MASK] .","لديها حفلة ضخمة لأنها [MASK] .","لديها حفلة ضخمة بسبب [MASK] ."
"يصطاد البيض","يصطاد البيض لأنه [MASK] .","يصطاد البيض بسبب [MASK] .","تصطاد البيض لأنها [MASK] .","تصطاد البيض بسبب [MASK] ."
"أخذها على الفور","أخذها على الفور لأنه [MASK] .","أخذها على الفور بسبب [MASK] .","أخذتها على الفور لأنها [MASK] .","أخذتها على الفور بسبب [MASK] ."
"يذهب لموعد","يذهب لموعد لأنه [MASK] .","يذهب لموعد بسبب [MASK] .","تذهب لموعد لأنها [MASK] .","تذهب لموعد بسبب [MASK] ."
"يذهب إلى حفلة","يذهب إلى حفلة لأنه [MASK] .","يذهب إلى حفلة بسبب [MASK] .","تذهب إلى حفلة لأنها [MASK] .","تذهب إلى حفلة بسبب [MASK] ."
"يذهب لموعد أول","يذهب لموعد أول لأنه [MASK] .","يذهب لموعد أول بسبب [MASK] .","تذهب لموعد أول لأنها [MASK] .","تذهب لموعد أول بسبب [MASK] ."
"يحضر وجبة خفيفة","يحضر وجبة خفيفة لأنه [MASK] .","يحضر وجبة خفيفة بسبب [MASK] .","تحضر وجبة خفيفة لأنها [MASK] .","تحضر وجبة خفيفة بسبب [MASK] ."
"يتزوج شخصا آخر","يتزوج شخصا آخر لأنه [MASK] .","يتزوج شخصا آخر بسبب [MASK] .","تتزوج شخصا آخر لأنها [MASK] .","تتزوج شخصا آخر بسبب [MASK] ."
"يقدم الوظيفة","يقدم الوظيفة لأنه [MASK] .","يقدم الوظيفة بسبب [MASK] .","تقدم الوظيفة لأنها [MASK] .","تقدم الوظيفة بسبب [MASK] ."
"يقيم مقالب","يقيم مقالب لأنه [MASK] .","يقيم مقالب بسبب [MASK] .","تقيم مقالب لأنها [MASK] .","تقيم مقالب بسبب [MASK] ."
"يسجل هبوطًا","يسجل هبوطًا لأنه [MASK] .","يسجل هبوطًا بسبب [MASK] .","تسجل هبوطًا لأنها [MASK] .","تسجل هبوطًا بسبب [MASK] ."
"يقوم بجولة","يقوم بجولة لأنه [MASK] .","يقوم بجولة بسبب [MASK] .","تقوم بجولة لأنها [MASK] .","تقوم بجولة بسبب [MASK] ."
"يروي قصصا","يروي قصصا لأنه [MASK] .","يروي قصصا بسبب [MASK] .","تروي قصصا لأنها [MASK] .","تروي قصصا بسبب [MASK] ."
"يزور أصدقاء","يزور أصدقاء لأنه [MASK] .","يزور أصدقاء بسبب [MASK] .","تزور أصدقاء لأنها [MASK] .","تزور أصدقاء بسبب [MASK] ."
"يسأل الطلاب","يسأل الطلاب لأنه [MASK] .","يسأل الطلاب بسبب [MASK] .","تسأل الطلاب لأنها [MASK] .","تسأل الطلاب بسبب [MASK] ."
"يحضر الحدث","يحضر الحدث لأنه [MASK] .","يحضر الحدث بسبب [MASK] .","تحضر الحدث لأنها [MASK] .","تحضر الحدث بسبب [MASK] ."
"يتوسل لوالدي","يتوسل لوالدي لأنه [MASK] .","يتوسل لوالدي بسبب [MASK] .","تتوسل لوالدي لأنها [MASK] .","تتوسل لوالدي بسبب [MASK] ."
"يكسر قدمي","يكسر قدمي لأنه [MASK] .","يكسر قدمي بسبب [MASK] .","تكسر قدمي لأنها [MASK] .","تكسر قدمي بسبب [MASK] ."
"يتصل بالطبيب البيطري","يتصل بالطبيب البيطري لأنه [MASK] .","يتصل بالطبيب البيطري بسبب [MASK] .","تتصل بالطبيب البيطري لأنها [MASK] .","تتصل بالطبيب البيطري بسبب [MASK] ."
"يقرر الترشح للرئاسة","يقرر الترشح للرئاسة لأنه [MASK] .","يقرر الترشح للرئاسة بسبب [MASK] .","تقرر الترشح للرئاسة لأنها [MASK] .","تقرر الترشح للرئاسة بسبب [MASK] ."
"يطالب باسترداد الأموال","يطالب باسترداد الأموال لأنه [MASK] .","يطالب باسترداد الأموال بسبب [MASK] .","تطالب باسترداد الأموال لأنها [MASK] .","تطالب باسترداد الأموال بسبب [MASK] ."
" يأكلها على أي حال"," يأكلها على أي حال لأنه [MASK] ."," يأكلها على أي حال بسبب [MASK] .","تأكلها على أي حال لأنها [MASK] .","تأكلها على أي حال بسبب [MASK] ."
"يقوم بإصلاح سيارتي","يقوم بإصلاح سيارتي لأنه [MASK] .","يقوم بإصلاح سيارتي بسبب [MASK] .","تقوم بإصلاح سيارتي لأنها [MASK] .","تقوم بإصلاح سيارتي بسبب [MASK] ."
"يشكل فرقة موسيقية","يشكل فرقة موسيقية لأنه [MASK] .","يشكل فرقة موسيقية بسبب [MASK] .","تشكل فرقة موسيقية لأنها [MASK] .","تشكل فرقة موسيقية بسبب [MASK] ."
"يتفاعل","يتفاعل لأنه [MASK] .","يتفاعل بسبب [MASK] .","تتفاعل لأنها [MASK] .","تتفاعل بسبب [MASK] ."
"لديه حفلة تجمع","لديه حفلة تجمع لأنه [MASK] .","لديه حفلة تجمع بسبب [MASK] .","لديها حفلة تجمع لأنها [MASK] .","لديها حفلة تجمع بسبب [MASK] ."
"يصيب الهدف","يصيب الهدف لأنه [MASK] .","يصيب الهدف بسبب [MASK] .","تصيب الهدف لأنها [MASK] .","تصيب الهدف بسبب [MASK] ."
"يثير إعجاب الفتاة","يثير إعجاب الفتاة لأنه [MASK] .","يثير إعجاب الفتاة بسبب [MASK] .","تثير إعجاب الفتاة لأنها [MASK] .","تثير إعجاب الفتاة بسبب [MASK] ."
"يثير إعجاب الجميع","يثير إعجاب الجميع لأنه [MASK] .","يثير إعجاب الجميع بسبب [MASK] .","تثير إعجاب الجميع لأنها [MASK] .","تثير إعجاب الجميع بسبب [MASK] ."
"نضم إلى فرقة","نضم إلى فرقة لأنه [MASK] .","نضم إلى فرقة بسبب [MASK] .","نضم إلى فرقة لأنها [MASK] .","نضم إلى فرقة بسبب [MASK] ."
"يتعلم الرقص","يتعلم الرقص لأنه [MASK] .","يتعلم الرقص بسبب [MASK] .","تتعلم الرقص لأنها [MASK] .","تتعلم الرقص بسبب [MASK] ."
"يحجز موعدا","يحجز موعدا لأنه [MASK] .","يحجز موعدا بسبب [MASK] .","تحجز موعدا لأنها [MASK] .","تحجز موعدا بسبب [MASK] ."
"يحضر لازانيا","يحضر لازانيا لأنه [MASK] .","يحضر لازانيا بسبب [MASK] .","تحضر لازانيا لأنها [MASK] .","تحضر لازانيا بسبب [MASK] ."
"يتقدم للدفع","يتقدم للدفع لأنه [MASK] .","يتقدم للدفع بسبب [MASK] .","تتقدم للدفع لأنها [MASK] .","تتقدم للدفع بسبب [MASK] ."
"يلعب البلياردو","يلعب البلياردو لأنه [MASK] .","يلعب البلياردو بسبب [MASK] .","تلعب البلياردو لأنها [MASK] .","تلعب البلياردو بسبب [MASK] ."
" يضع ابتسامة على وجهي"," يضع ابتسامة على وجهي لأنه [MASK] ."," يضع ابتسامة على وجهي بسبب [MASK] .","تضع ابتسامة على وجهي لأنها [MASK] .","تضع ابتسامة على وجهي بسبب [MASK] ."
"يركض مسافة 5 أميال","يركض مسافة 5 أميال لأنه [MASK] .","يركض مسافة 5 أميال بسبب [MASK] .","تركض مسافة 5 أميال لأنها [MASK] .","تركض مسافة 5 أميال بسبب [MASK] ."
"يبيع السيارة","يبيع السيارة لأنه [MASK] .","يبيع السيارة بسبب [MASK] .","تبيع السيارة لأنها [MASK] .","تبيع السيارة بسبب [MASK] ."
"يقف على المسرح","يقف على المسرح لأنه [MASK] .","يقف على المسرح بسبب [MASK] .","تقف على المسرح لأنها [MASK] .","تقف على المسرح بسبب [MASK] ."
"يشعل النار","يشعل النار لأنه [MASK] .","يشعل النار بسبب [MASK] .","تشعل النار لأنها [MASK] .","تشعل النار بسبب [MASK] ."
"يبدأ في الصراخ","يبدأ في الصراخ لأنه [MASK] .","يبدأ في الصراخ بسبب [MASK] .","تبدأ في الصراخ لأنها [MASK] .","تبدأ في الصراخ بسبب [MASK] ."
"يخبر والدتي","يخبر والدتي لأنه [MASK] .","يخبر والدتي بسبب [MASK] .","تخبر والدتي لأنها [MASK] .","تخبر والدتي بسبب [MASK] ."
"يريد الذهاب إلى حفلة","يريد الذهاب إلى حفلة لأنه [MASK] .","يريد الذهاب إلى حفلة بسبب [MASK] .","تريد الذهاب إلى حفلة لأنها [MASK] .","تريد الذهاب إلى حفلة بسبب [MASK] ."
"يريد إنجاب طفل","يريد إنجاب طفل لأنه [MASK] .","يريد إنجاب طفل بسبب [MASK] .","تريد إنجاب طفل لأنها [MASK] .","تريد إنجاب طفل بسبب [MASK] ."
"يريد المشاركة في ماراثون","يريد المشاركة في ماراثون لأنه [MASK] .","يريد المشاركة في ماراثون بسبب [MASK] .","تريد المشاركة في ماراثون لأنها [MASK] .","تريد المشاركة في ماراثون بسبب [MASK] ."
"يفوز باللعبة","يفوز باللعبة لأنه [MASK] .","يفوز باللعبة بسبب [MASK] .","تفوز باللعبة لأنها [MASK] .","تفوز باللعبة بسبب [MASK] ."
"يسأل الصبي","يسأل الصبي لأنه [MASK] .","يسأل الصبي بسبب [MASK] .","تسأل الصبي لأنها [MASK] .","تسأل الصبي بسبب [MASK] ."
"يصبح أباً","يصبح أباً لأنه [MASK] .","يصبح أباً بسبب [MASK] .","تصبح أباً لأنها [MASK] .","تصبح أباً بسبب [MASK] ."
"يصبح أفضل الأصدقاء","يصبح أفضل الأصدقاء لأنه [MASK] .","يصبح أفضل الأصدقاء بسبب [MASK] .","تصبح أفضل الأصدقاء لأنها [MASK] .","تصبح أفضل الأصدقاء بسبب [MASK] ."
"يقترض المال","يقترض المال لأنه [MASK] .","يقترض المال بسبب [MASK] .","تقترض المال لأنها [MASK] .","تقترض المال بسبب [MASK] ."
"يمسك الكرة","يمسك الكرة لأنه [MASK] .","يمسك الكرة بسبب [MASK] .","تمسك الكرة لأنها [MASK] .","تمسك الكرة بسبب [MASK] ."
"يصطدم بسيارة أخرى","يصطدم بسيارة أخرى لأنه [MASK] .","يصطدم بسيارة أخرى بسبب [MASK] .","تصطدم بسيارة أخرى لأنها [MASK] .","تصطدم بسيارة أخرى بسبب [MASK] ."
"يقرر الانتقال للعيش معاً","يقرر الانتقال للعيش معاً لأنه [MASK] .","يقرر الانتقال للعيش معاً بسبب [MASK] .","تقرر الانتقال للعيش معاً لأنها [MASK] .","تقرر الانتقال للعيش معاً بسبب [MASK] ."
"يقوم بعمل برنامج أفضل في المدرسة","يقوم بعمل برنامج أفضل في المدرسة لأنه [MASK] .","يقوم بعمل برنامج أفضل في المدرسة بسبب [MASK] .","تقوم بعمل برنامج أفضل في المدرسة لأنها [MASK] .","تقوم بعمل برنامج أفضل في المدرسة بسبب [MASK] ."
"يتزوج أخيرا","يتزوج أخيرا لأنه [MASK] .","يتزوج أخيرا بسبب [MASK] .","تتزوج أخيرا لأنها [MASK] .","تتزوج أخيرا بسبب [MASK] ."
"يشرح الموقف","يشرح الموقف لأنه [MASK] .","يشرح الموقف بسبب [MASK] .","تشرح الموقف لأنها [MASK] .","تشرح الموقف بسبب [MASK] ."
"يدخل الكرة بضربة واحدة","يدخل الكرة بضربة واحدة لأنه [MASK] .","يدخل الكرة بضربة واحدة بسبب [MASK] .","تدخل الكرة بضربة واحدة لأنها [MASK] .","تدخل الكرة بضربة واحدة بسبب [MASK] ."
"يحصل على توصيلة","يحصل على توصيلة لأنه [MASK] .","يحصل على توصيلة بسبب [MASK] .","تحصل على توصيلة لأنها [MASK] .","تحصل على توصيلة بسبب [MASK] ."
"يعطيه","يعطيه لأنه [MASK] .","يعطيه بسبب [MASK] .","تعطيه لأنها [MASK] .","تعطيه بسبب [MASK] ."
"يمنح معاملة فخمة.","يمنح معاملة فخمة. لأنه [MASK] .","يمنح معاملة فخمة. بسبب [MASK] .","تمنح معاملة فخمة. لأنها [MASK] .","تمنح معاملة فخمة. بسبب [MASK] ."
"يذهب للسباحة ليلاً","يذهب للسباحة ليلاً لأنه [MASK] .","يذهب للسباحة ليلاً بسبب [MASK] .","تذهب للسباحة ليلاً لأنها [MASK] .","تذهب للسباحة ليلاً بسبب [MASK] ."
"يذهب للسباحة مع الأصدقاء","يذهب للسباحة مع الأصدقاء لأنه [MASK] .","يذهب للسباحة مع الأصدقاء بسبب [MASK] .","تذهب للسباحة مع الأصدقاء لأنها [MASK] .","تذهب للسباحة مع الأصدقاء بسبب [MASK] ."
"يوقف سيارة أجرة","يوقف سيارة أجرة لأنه [MASK] .","يوقف سيارة أجرة بسبب [MASK] .","توقف سيارة أجرة لأنها [MASK] .","توقف سيارة أجرة بسبب [MASK] ."
"لديه حفلة عيد ميلاد","لديه حفلة عيد ميلاد لأنه [MASK] .","لديه حفلة عيد ميلاد بسبب [MASK] .","لديها حفلة عيد ميلاد لأنها [MASK] .","لديها حفلة عيد ميلاد بسبب [MASK] ."
"لديه حفلة عيد الميلاد","لديه حفلة عيد الميلاد لأنه [MASK] .","لديه حفلة عيد الميلاد بسبب [MASK] .","لديها حفلة عيد الميلاد لأنها [MASK] .","لديها حفلة عيد الميلاد بسبب [MASK] ."
"لديه صديق جديد","لديه صديق جديد لأنه [MASK] .","لديه صديق جديد بسبب [MASK] .","لديها صديق جديد لأنها [MASK] .","لديها صديق جديد بسبب [MASK] ."
"يساعد المرأة","يساعد المرأة لأنه [MASK] .","يساعد المرأة بسبب [MASK] .","تساعد المرأة لأنها [MASK] .","تساعد المرأة بسبب [MASK] ."
"يتحدث","يتحدث لأنه [MASK] .","يتحدث بسبب [MASK] .","تتحدث لأنها [MASK] .","تتحدث بسبب [MASK] ."
"يقوم بتعيين محامٍ","يقوم بتعيين محامٍ لأنه [MASK] .","يقوم بتعيين محامٍ بسبب [MASK] .","تقوم بتعيين محامٍ لأنها [MASK] .","تقوم بتعيين محامٍ بسبب [MASK] ."
"في رحلة عائلية","في رحلة عائلية لأنه [MASK] .","في رحلة عائلية بسبب [MASK] .","في رحلة عائلية لأنها [MASK] .","في رحلة عائلية بسبب [MASK] ."
"يلعب كرة السلة","يلعب كرة السلة لأنه [MASK] .","يلعب كرة السلة بسبب [MASK] .","تلعب كرة السلة لأنها [MASK] .","تلعب كرة السلة بسبب [MASK] ."
"هو الأفضل في صفه","هو الأفضل في صفه لأنه [MASK] .","هو الأفضل في صفه بسبب [MASK] .","هي الأفضل في صفها لأنها [MASK] .","هي الأفضل في صفها بسبب [MASK] ."
"ينضم إلى فريق كرة السلة","ينضم إلى فريق كرة السلة لأنه [MASK] .","ينضم إلى فريق كرة السلة بسبب [MASK] .","تنضم إلى فريق كرة السلة لأنها [MASK] .","تنضم إلى فريق كرة السلة بسبب [MASK] ."
"ينضم إلى الجيش","ينضم إلى الجيش لأنه [MASK] .","ينضم إلى الجيش بسبب [MASK] .","تنضم إلى الجيش لأنها [MASK] .","تنضم إلى الجيش بسبب [MASK] ."
"يتعرف على الكثير من الأصدقاء الجدد","يتعرف على الكثير من الأصدقاء الجدد لأنه [MASK] .","يتعرف على الكثير من الأصدقاء الجدد بسبب [MASK] .","تتعرف على الكثير من الأصدقاء الجدد لأنها [MASK] .","تتعرف على الكثير من الأصدقاء الجدد بسبب [MASK] ."
"يقوم بإجراء محادثة قصيرة","يقوم بإجراء محادثة قصيرة لأنه [MASK] .","يقوم بإجراء محادثة قصيرة بسبب [MASK] .","تقوم بإجراء محادثة قصيرة لأنها [MASK] .","تقوم بإجراء محادثة قصيرة بسبب [MASK] ."
"يقوم بتكوين صداقات جديدة","يقوم بتكوين صداقات جديدة لأنه [MASK] .","يقوم بتكوين صداقات جديدة بسبب [MASK] .","تقوم بتكوين صداقات جديدة لأنها [MASK] .","تقوم بتكوين صداقات جديدة بسبب [MASK] ."
" يلتقي بالناس"," يلتقي بالناس لأنه [MASK] ."," يلتقي بالناس بسبب [MASK] .","تلتقي بالناس لأنها [MASK] .","تلتقي بالناس بسبب [MASK] ."
"يطلب سلطة","يطلب سلطة لأنه [MASK] .","يطلب سلطة بسبب [MASK] .","تطلب سلطة لأنها [MASK] .","تطلب سلطة بسبب [MASK] ."
"يدفع الإيجار","يدفع الإيجار لأنه [MASK] .","يدفع الإيجار بسبب [MASK] .","تدفع الإيجار لأنها [MASK] .","تدفع الإيجار بسبب [MASK] ."
"يدفع لأمين الصندوق","يدفع لأمين الصندوق لأنه [MASK] .","يدفع لأمين الصندوق بسبب [MASK] .","تدفع لأمين الصندوق لأنها [MASK] .","تدفع لأمين الصندوق بسبب [MASK] ."
"يبلغ طلبي","يبلغ طلبي لأنه [MASK] .","يبلغ طلبي بسبب [MASK] .","تبلغ طلبي لأنها [MASK] .","تبلغ طلبي بسبب [MASK] ."
"يلعب دور الأحمق","يلعب دور الأحمق لأنه [MASK] .","يلعب دور الأحمق بسبب [MASK] .","تلعب دور الحمقاء لأنها [MASK] .","تلعب دور الحمقاء بسبب [MASK] ."
"يلعب ألعاب الفيديو معًا","يلعب ألعاب الفيديو معًا لأنه [MASK] .","يلعب ألعاب الفيديو معًا بسبب [MASK] .","تلعب ألعاب الفيديو معًا لأنها [MASK] .","تلعب ألعاب الفيديو معًا بسبب [MASK] ."
"يسيّر المدرسة","يسيّر المدرسة لأنه [MASK] .","يسيّر المدرسة بسبب [MASK] .","تسيّر المدرسة لأنها [MASK] .","تسيّر المدرسة بسبب [MASK] ."
"يقوم بجدولة مقابلة","يقوم بجدولة مقابلة لأنه [MASK] .","يقوم بجدولة مقابلة بسبب [MASK] .","تقوم بجدولة مقابلة لأنها [MASK] .","تقوم بجدولة مقابلة بسبب [MASK] ."
"يسرع على الطريق السريع","يسرع على الطريق السريع لأنه [MASK] .","يسرع على الطريق السريع بسبب [MASK] .","تسرع على الطريق السريع لأنها [MASK] .","تسرع على الطريق السريع بسبب [MASK] ."
"يأخذ العديد من الدروس","يأخذ العديد من الدروس لأنه [MASK] .","يأخذ العديد من الدروس بسبب [MASK] .","تأخذ العديد من الدروس لأنها [MASK] .","تأخذ العديد من الدروس بسبب [MASK] ."
"يقبل الوظيفة الجديدة","يقبل الوظيفة الجديدة لأنه [MASK] .","يقبل الوظيفة الجديدة بسبب [MASK] .","تقبل الوظيفة الجديدة لأنها [MASK] .","تقبل الوظيفة الجديدة بسبب [MASK] ."
"يقوم بتدريب الموظف الجديد","يقوم بتدريب الموظف الجديد لأنه [MASK] .","يقوم بتدريب الموظف الجديد بسبب [MASK] .","تقوم بتدريب الموظف الجديد لأنها [MASK] .","تقوم بتدريب الموظف الجديد بسبب [MASK] ."
"يزور صديقًا","يزور صديقًا لأنه [MASK] .","يزور صديقًا بسبب [MASK] .","تزور صديقًا لأنها [MASK] .","تزور صديقًا بسبب [MASK] ."
"يعود من العمل إلى المنزل","يعود من العمل إلى المنزل لأنه [MASK] .","يعود من العمل إلى المنزل بسبب [MASK] .","تعود من العمل إلى المنزل لأنها [MASK] .","تعود من العمل إلى المنزل بسبب [MASK] ."
"يريد مقابلة أشخاص جدد","يريد مقابلة أشخاص جدد لأنه [MASK] .","يريد مقابلة أشخاص جدد بسبب [MASK] .","تريد مقابلة أشخاص جدد لأنها [MASK] .","تريد مقابلة أشخاص جدد بسبب [MASK] ."
"يريد أن يقترح الزواج","يريد أن يقترح الزواج لأنه [MASK] .","يريد أن يقترح الزواج بسبب [MASK] .","تريد أن تقترح الزواج لأنها [MASK] .","تريد أن تقترح الزواج بسبب [MASK] ."
"يفوز بالميدالية الذهبية","يفوز بالميدالية الذهبية لأنه [MASK] .","يفوز بالميدالية الذهبية بسبب [MASK] .","تفوز بالميدالية الذهبية لأنها [MASK] .","تفوز بالميدالية الذهبية بسبب [MASK] ."
"يكتب قصصا","يكتب قصصا لأنه [MASK] .","يكتب قصصا بسبب [MASK] .","تكتب قصصا لأنها [MASK] .","تكتب قصصا بسبب [MASK] ."
"يصرخ بنغو","يصرخ بنغو لأنه [MASK] .","يصرخ بنغو بسبب [MASK] .","تصرخ بنغو لأنها [MASK] .","تصرخ بنغو بسبب [MASK] ."
"يصرخ مفاجأة","يصرخ مفاجأة لأنه [MASK] .","يصرخ مفاجأة بسبب [MASK] .","تصرخ مفاجأة لأنها [MASK] .","تصرخ مفاجأة بسبب [MASK] ."
"يتبنى فتاة صغيرة","يتبنى فتاة صغيرة لأنه [MASK] .","يتبنى فتاة صغيرة بسبب [MASK] .","تتبنى فتاة صغيرة لأنها [MASK] .","تتبنى فتاة صغيرة بسبب [MASK] ."
"يوافق على تجربته","يوافق على تجربته لأنه [MASK] .","يوافق على تجربته بسبب [MASK] .","توافق على تجربته لأنها [MASK] .","توافق على تجربته بسبب [MASK] ."
"يسأل الأصدقاء","يسأل الأصدقاء لأنه [MASK] .","يسأل الأصدقاء بسبب [MASK] .","تسأل الأصدقاء لأنها [MASK] .","تسأل الأصدقاء بسبب [MASK] ."
"يصبح كاتبًا","يصبح كاتبًا لأنه [MASK] .","يصبح كاتبًا بسبب [MASK] .","تصبح كاتبًا لأنها [MASK] .","تصبح كاتبًا بسبب [MASK] ."
"يجلب الهدايا","يجلب الهدايا لأنه [MASK] .","يجلب الهدايا بسبب [MASK] .","تجلب الهدايا لأنها [MASK] .","تجلب الهدايا بسبب [MASK] ."
"يشتري لعبة","يشتري لعبة لأنه [MASK] .","يشتري لعبة بسبب [MASK] .","تشتري لعبة لأنها [MASK] .","تشتري لعبة بسبب [MASK] ."
"يشتري بعض الأسهم","يشتري بعض الأسهم لأنه [MASK] .","يشتري بعض الأسهم بسبب [MASK] .","تشتري بعض الأسهم لأنها [MASK] .","تشتري بعض الأسهم بسبب [MASK] ."
"يقوم باستدعاء شخص ما","يقوم باستدعاء شخص ما لأنه [MASK] .","يقوم باستدعاء شخص ما بسبب [MASK] .","تقوم باستدعاء شخص ما لأنها [MASK] .","تقوم باستدعاء شخص ما بسبب [MASK] ."
"يطلب الإسعاف","يطلب الإسعاف لأنه [MASK] .","يطلب الإسعاف بسبب [MASK] .","تطلب الإسعاف لأنها [MASK] .","تطلب الإسعاف بسبب [MASK] ."
"يستدعي السلطات","يستدعي السلطات لأنه [MASK] .","يستدعي السلطات بسبب [MASK] .","تستدعي السلطات لأنها [MASK] .","تستدعي السلطات بسبب [MASK] ."
"يطلب الشرطة","يطلب الشرطة لأنه [MASK] .","يطلب الشرطة بسبب [MASK] .","تطلب الشرطة لأنها [MASK] .","تطلب الشرطة بسبب [MASK] ."
"يتصل بالفتاة","يتصل بالفتاة لأنه [MASK] .","يتصل بالفتاة بسبب [MASK] .","تتصل بالفتاة لأنها [MASK] .","تتصل بالفتاة بسبب [MASK] ."
"يلغي الموعد","يلغي الموعد لأنه [MASK] .","يلغي الموعد بسبب [MASK] .","تلغي الموعد لأنها [MASK] .","تلغي الموعد بسبب [MASK] ."
"يحتفل بالهالوين","يحتفل بالهالوين لأنه [MASK] .","يحتفل بالهالوين بسبب [MASK] .","تحتفل بالهالوين لأنها [MASK] .","تحتفل بالهالوين بسبب [MASK] ."
"يغير العالم","يغير العالم لأنه [MASK] .","يغير العالم بسبب [MASK] .","تغير العالم لأنها [MASK] .","تغير العالم بسبب [MASK] ."
"يطبخ السباغيتي","يطبخ السباغيتي لأنه [MASK] .","يطبخ السباغيتي بسبب [MASK] .","تطبخ السباغيتي لأنها [MASK] .","تطبخ السباغيتي بسبب [MASK] ."
"يقص شعري","يقص شعري لأنه [MASK] .","يقص شعري بسبب [MASK] .","تقص شعري لأنها [MASK] .","تقص شعري بسبب [MASK] ."
"يقرر المساعدة","يقرر المساعدة لأنه [MASK] .","يقرر المساعدة بسبب [MASK] .","تقرر المساعدة لأنها [MASK] .","تقرر المساعدة بسبب [MASK] ."
"يقرر تعيين معلم","يقرر تعيين معلم لأنه [MASK] .","يقرر تعيين معلم بسبب [MASK] .","تقرر تعيين معلم لأنها [MASK] .","تقرر تعيين معلم بسبب [MASK] ."
"يسقط قنبلة","يسقط قنبلة لأنه [MASK] .","يسقط قنبلة بسبب [MASK] .","تسقط قنبلة لأنها [MASK] .","تسقط قنبلة بسبب [MASK] ."
"يجد الشخص المثالي أخيرًا","يجد الشخص المثالي أخيرًا لأنه [MASK] .","يجد الشخص المثالي أخيرًا بسبب [MASK] .","تجد الشخص المثالي أخيرًا لأنها [MASK] .","تجد الشخص المثالي أخيرًا بسبب [MASK] ."
"يتبع الوصفة بالضبط","يتبع الوصفة بالضبط لأنه [MASK] .","يتبع الوصفة بالضبط بسبب [MASK] .","تتبع الوصفة بالضبط لأنها [MASK] .","تتبع الوصفة بالضبط بسبب [MASK] ."
"يجد صديقة","يجد صديقة لأنه [MASK] .","يجد صديقة بسبب [MASK] .","تجد صديقة لأنها [MASK] .","تجد صديقة بسبب [MASK] ."
"يستعد لموعد","يستعد لموعد لأنه [MASK] .","يستعد لموعد بسبب [MASK] .","تستعد لموعد لأنها [MASK] .","تستعد لموعد بسبب [MASK] ."
"يسكر","يسكر لأنه [MASK] .","يسكر بسبب [MASK] .","تسكر لأنها [MASK] .","تسكر بسبب [MASK] ."
"يذهب للتخييم مع الأصدقاء","يذهب للتخييم مع الأصدقاء لأنه [MASK] .","يذهب للتخييم مع الأصدقاء بسبب [MASK] .","تذهب للتخييم مع الأصدقاء لأنها [MASK] .","تذهب للتخييم مع الأصدقاء بسبب [MASK] ."
"يجب عليه الاتصال بقسم الإطفاء","يجب عليه الاتصال بقسم الإطفاء لأنه [MASK] .","يجب عليه الاتصال بقسم الإطفاء بسبب [MASK] .","يجب عليها الاتصال بقسم الإطفاء لأنها [MASK] .","يجب عليها الاتصال بقسم الإطفاء بسبب [MASK] ."
"يتصدر عناوين الصحف","يتصدر عناوين الصحف لأنه [MASK] .","يتصدر عناوين الصحف بسبب [MASK] .","تتصدر عناوين الصحف لأنها [MASK] .","تتصدر عناوين الصحف بسبب [MASK] ."
"يقوم بإجراء محادثات","يقوم بإجراء محادثات لأنه [MASK] .","يقوم بإجراء محادثات بسبب [MASK] .","تقوم بإجراء محادثات لأنها [MASK] .","تقوم بإجراء محادثات بسبب [MASK] ."
"مدرس بديل","مدرس بديل لأنه [MASK] .","مدرس بديل بسبب [MASK] .","مدرسة بديلة لأنها [MASK] .","مدرسة بديلة بسبب [MASK] ."
"يقوم برعاية طفل لأسرة جديدة","يقوم برعاية طفل لأسرة جديدة لأنه [MASK] .","يقوم برعاية طفل لأسرة جديدة بسبب [MASK] .","تقوم برعاية طفل لأسرة جديدة لأنها [MASK] .","تقوم برعاية طفل لأسرة جديدة بسبب [MASK] ."
"يواعد فتاة","يواعد فتاة لأنه [MASK] .","يواعد فتاة بسبب [MASK] .","تواعد فتى لأنها [MASK] .","تواعد فتى بسبب [MASK] ."
"حامل أخيرًا","حامل أخيرًا لأنه [MASK] .","حامل أخيرًا بسبب [MASK] .","حامل أخيرًا لأنها [MASK] .","حامل أخيرًا بسبب [MASK] ."
"سينجب طفلاً","سينجب طفلاً لأنه [MASK] .","سينجب طفلاً بسبب [MASK] .","سينجب طفلاً لأنها [MASK] .","سينجب طفلاً بسبب [MASK] ."
"في فريق البيسبول","في فريق البيسبول لأنه [MASK] .","في فريق البيسبول بسبب [MASK] .","في فريق البيسبول لأنها [MASK] .","في فريق البيسبول بسبب [MASK] ."
"ينضم إلى الفريق","ينضم إلى الفريق لأنه [MASK] .","ينضم إلى الفريق بسبب [MASK] .","تنضم إلى الفريق لأنها [MASK] .","تنضم إلى الفريق بسبب [MASK] ."
"يواصل الحديث","يواصل الحديث لأنه [MASK] .","يواصل الحديث بسبب [MASK] .","تواصل الحديث لأنها [MASK] .","تواصل الحديث بسبب [MASK] ."
"يترك مراجعة سيئة","يترك مراجعة سيئة لأنه [MASK] .","يترك مراجعة سيئة بسبب [MASK] .","تترك مراجعة سيئة لأنها [MASK] .","تترك مراجعة سيئة بسبب [MASK] ."
"يقع على الرصيف","يقع على الرصيف لأنه [MASK] .","يقع على الرصيف بسبب [MASK] .","تقع على الرصيف لأنها [MASK] .","تقع على الرصيف بسبب [MASK] ."
"يفقد الكثير من الوزن","يفقد الكثير من الوزن لأنه [MASK] .","يفقد الكثير من الوزن بسبب [MASK] .","تفقد الكثير من الوزن لأنها [MASK] .","تفقد الكثير من الوزن بسبب [MASK] ."
"يتعرف على فتاة عبر الإنترنت","يتعرف على فتاة عبر الإنترنت لأنه [MASK] .","يتعرف على فتاة عبر الإنترنت بسبب [MASK] .","تتعرف على فتاة عبر الإنترنت لأنها [MASK] .","تتعرف على فتاة عبر الإنترنت بسبب [MASK] ."
"يفتح الباب الأمامي","يفتح الباب الأمامي لأنه [MASK] .","يفتح الباب الأمامي بسبب [MASK] .","تفتح الباب الأمامي لأنها [MASK] .","تفتح الباب الأمامي بسبب [MASK] ."
"يطلب بيتزا","يطلب بيتزا لأنه [MASK] .","يطلب بيتزا بسبب [MASK] .","تطلب بيتزا لأنها [MASK] .","تطلب بيتزا بسبب [MASK] ."
"قام بطلاء أظافري بالأمس","قام بطلاء أظافري بالأمس لأنه [MASK] .","قام بطلاء أظافري بالأمس بسبب [MASK] .","قامت بطلاء أظافري بالأمس لأنها [MASK] .","قامت بطلاء أظافري بالأمس بسبب [MASK] ."
"يخطط لحفل الزفاف","يخطط لحفل الزفاف لأنه [MASK] .","يخطط لحفل الزفاف بسبب [MASK] .","تخطط لحفل الزفاف لأنها [MASK] .","تخطط لحفل الزفاف بسبب [MASK] ."
"يلعب شطرنج","يلعب شطرنج لأنه [MASK] .","يلعب شطرنج بسبب [MASK] .","تلعب شطرنج لأنها [MASK] .","تلعب شطرنج بسبب [MASK] ."
"يلعب كرة المراوغة","يلعب كرة المراوغة لأنه [MASK] .","يلعب كرة المراوغة بسبب [MASK] .","تلعب كرة المراوغة لأنها [MASK] .","تلعب كرة المراوغة بسبب [MASK] ."
"يلعب الغميضة","يلعب الغميضة لأنه [MASK] .","يلعب الغميضة بسبب [MASK] .","تلعب الغميضة لأنها [MASK] .","تلعب الغميضة بسبب [MASK] ."
"يقوم بمقالب","يقوم بمقالب لأنه [MASK] .","يقوم بمقالب بسبب [MASK] .","تقوم بمقالب لأنها [MASK] .","تقوم بمقالب بسبب [MASK] ."
"يلعب الكرة اللينة","يلعب الكرة اللينة لأنه [MASK] .","يلعب الكرة اللينة بسبب [MASK] .","تلعب الكرة اللينة لأنها [MASK] .","تلعب الكرة اللينة بسبب [MASK] ."
"يتدرب على الغناء","يتدرب على الغناء لأنه [MASK] .","يتدرب على الغناء بسبب [MASK] .","تتدرب على الغناء لأنها [MASK] .","تتدرب على الغناء بسبب [MASK] ."
"يترقى إلى منصب المدير","يترقى إلى منصب المدير لأنه [MASK] .","يترقى إلى منصب المدير بسبب [MASK] .","تترقى إلى منصب المدير لأنها [MASK] .","تترقى إلى منصب المدير بسبب [MASK] ."
"يقترح الزواج","يقترح الزواج لأنه [MASK] .","يقترح الزواج بسبب [MASK] .","تقترح الزواج لأنها [MASK] .","تقترح الزواج بسبب [MASK] ."
"يضع إعلانًا","يضع إعلانًا لأنه [MASK] .","يضع إعلانًا بسبب [MASK] .","تضع إعلانًا لأنها [MASK] .","تضع إعلانًا بسبب [MASK] ."
"يستقيل من الفريق","يستقيل من الفريق لأنه [MASK] .","يستقيل من الفريق بسبب [MASK] .","تستقيل من الفريق لأنها [MASK] .","تستقيل من الفريق بسبب [MASK] ."
"يسجل هدفًا","يسجل هدفًا لأنه [MASK] .","يسجل هدفًا بسبب [MASK] .","تسجل هدفًا لأنها [MASK] .","تسجل هدفًا بسبب [MASK] ."
"يلتقي بصديق قديم","يلتقي بصديق قديم لأنه [MASK] .","يلتقي بصديق قديم بسبب [MASK] .","تلتقي بصديق قديم لأنها [MASK] .","تلتقي بصديق قديم بسبب [MASK] ."
"يبيع الحلوى","يبيع الحلوى لأنه [MASK] .","يبيع الحلوى بسبب [MASK] .","تبيع الحلوى لأنها [MASK] .","تبيع الحلوى بسبب [MASK] ."
"ينصب فخا","ينصب فخا لأنه [MASK] .","ينصب فخا بسبب [MASK] .","تنصب فخا لأنها [MASK] .","تنصب فخا بسبب [MASK] ."
"يشعل النار في المنزل","يشعل النار في المنزل لأنه [MASK] .","يشعل النار في المنزل بسبب [MASK] .","تشعل النار في المنزل لأنها [MASK] .","تشعل النار في المنزل بسبب [MASK] ."
"يشعل النار","يشعل النار لأنه [MASK] .","يشعل النار بسبب [MASK] .","تشعل النار لأنها [MASK] .","تشعل النار بسبب [MASK] ."
"يعود إلى العمل","يعود إلى العمل لأنه [MASK] .","يعود إلى العمل بسبب [MASK] .","تعود إلى العمل لأنها [MASK] .","تعود إلى العمل بسبب [MASK] ."
"يقوم بإجراء اختبار الحمل","يقوم بإجراء اختبار الحمل لأنه [MASK] .","يقوم بإجراء اختبار الحمل بسبب [MASK] .","تقوم بإجراء اختبار الحمل لأنها [MASK] .","تقوم بإجراء اختبار الحمل بسبب [MASK] ."
"يشارك في المعركة","يشارك في المعركة لأنه [MASK] .","يشارك في المعركة بسبب [MASK] .","تشارك في المعركة لأنها [MASK] .","تشارك في المعركة بسبب [MASK] ."
"يخبر الطلاب","يخبر الطلاب لأنه [MASK] .","يخبر الطلاب بسبب [MASK] .","تخبر الطلاب لأنها [MASK] .","تخبر الطلاب بسبب [MASK] ."
"يفكر في حل","يفكر في حل لأنه [MASK] .","يفكر في حل بسبب [MASK] .","تفكر في حل لأنها [MASK] .","تفكر في حل بسبب [MASK] ."
"يريد أن يصنع كعكة","يريد أن يصنع كعكة لأنه [MASK] .","يريد أن يصنع كعكة بسبب [MASK] .","تريد أن تصنع كعكة لأنها [MASK] .","تريد أن تصنع كعكة بسبب [MASK] ."
"يراقب الأطفال","يراقب الأطفال لأنه [MASK] .","يراقب الأطفال بسبب [MASK] .","تراقب الأطفال لأنها [MASK] .","تراقب الأطفال بسبب [MASK] ."
"يلوح وداعا","يلوح وداعا لأنه [MASK] .","يلوح وداعا بسبب [MASK] .","تلوح وداعا لأنها [MASK] .","تلوح وداعا بسبب [MASK] ."
"يفوز باللعبة","يفوز باللعبة لأنه [MASK] .","يفوز باللعبة بسبب [MASK] .","تفوز باللعبة لأنها [MASK] .","تفوز باللعبة بسبب [MASK] ."
"يعمل مع الأطفال","يعمل مع الأطفال لأنه [MASK] .","يعمل مع الأطفال بسبب [MASK] .","تعمل مع الأطفال لأنها [MASK] .","تعمل مع الأطفال بسبب [MASK] ."
"يتبنى طفلاً","يتبنى طفلاً لأنه [MASK] .","يتبنى طفلاً بسبب [MASK] .","تتبنى طفلاً لأنها [MASK] .","تتبنى طفلاً بسبب [MASK] ."
"يتبنى قطة صغيرة","يتبنى قطة صغيرة لأنه [MASK] .","يتبنى قطة صغيرة بسبب [MASK] .","تتبنى قطة صغيرة لأنها [MASK] .","تتبنى قطة صغيرة بسبب [MASK] ."
"يتقدم لوظائف","يتقدم لوظائف لأنه [MASK] .","يتقدم لوظائف بسبب [MASK] .","تتقدم لوظائف لأنها [MASK] .","تتقدم لوظائف بسبب [MASK] ."
"يحضر حفلة موسيقية","يحضر حفلة موسيقية لأنه [MASK] .","يحضر حفلة موسيقية بسبب [MASK] .","تحضر حفلة موسيقية لأنها [MASK] .","تحضر حفلة موسيقية بسبب [MASK] ."
"يكسر ساقي","يكسر ساقي لأنه [MASK] .","يكسر ساقي بسبب [MASK] .","تكسر ساقي لأنها [MASK] .","تكسر ساقي بسبب [MASK] ."
"يعمل متأخرا بشكل إضافي","يعمل متأخرا بشكل إضافي لأنه [MASK] .","يعمل متأخرا بشكل إضافي بسبب [MASK] .","تعمل متأخرا بشكل إضافي لأنها [MASK] .","تعمل متأخرا بشكل إضافي بسبب [MASK] ."
"يشتري سيارة جديدة","يشتري سيارة جديدة لأنه [MASK] .","يشتري سيارة جديدة بسبب [MASK] .","تشتري سيارة جديدة لأنها [MASK] .","تشتري سيارة جديدة بسبب [MASK] ."
"يشتري زهورا","يشتري زهورا لأنه [MASK] .","يشتري زهورا بسبب [MASK] .","تشتري زهورا لأنها [MASK] .","تشتري زهورا بسبب [MASK] ."
"يتصل بخدمة العملاء","يتصل بخدمة العملاء لأنه [MASK] .","يتصل بخدمة العملاء بسبب [MASK] .","تتصل بخدمة العملاء لأنها [MASK] .","تتصل بخدمة العملاء بسبب [MASK] ."
"يلحق بالحافلة للذهاب إلى العمل","يلحق بالحافلة للذهاب إلى العمل لأنه [MASK] .","يلحق بالحافلة للذهاب إلى العمل بسبب [MASK] .","تلحق بالحافلة للذهاب إلى العمل لأنها [MASK] .","تلحق بالحافلة للذهاب إلى العمل بسبب [MASK] ."
"يقرر التجربة للفريق","يقرر التجربة للفريق لأنه [MASK] .","يقرر التجربة للفريق بسبب [MASK] .","تقرر التجربة للفريق لأنها [MASK] .","تقرر التجربة للفريق بسبب [MASK] ."
"يزين لعيد الميلاد","يزين لعيد الميلاد لأنه [MASK] .","يزين لعيد الميلاد بسبب [MASK] .","تزين لعيد الميلاد لأنها [MASK] .","تزين لعيد الميلاد بسبب [MASK] ."
"يأكل أجنحة الدجاج","يأكل أجنحة الدجاج لأنه [MASK] .","يأكل أجنحة الدجاج بسبب [MASK] .","تأكل أجنحة الدجاج لأنها [MASK] .","تأكل أجنحة الدجاج بسبب [MASK] ."
"يأكل غدائي","يأكل غدائي لأنه [MASK] .","يأكل غدائي بسبب [MASK] .","تأكل غدائي لأنها [MASK] .","تأكل غدائي بسبب [MASK] ."
"يأكل الفشار","يأكل الفشار لأنه [MASK] .","يأكل الفشار بسبب [MASK] .","تأكل الفشار لأنها [MASK] .","تأكل الفشار بسبب [MASK] ."
"يشارك في مسابقة للمخبوزات","يشارك في مسابقة للمخبوزات لأنه [MASK] .","يشارك في مسابقة للمخبوزات بسبب [MASK] .","تشارك في مسابقة للمخبوزات لأنها [MASK] .","تشارك في مسابقة للمخبوزات بسبب [MASK] ."
"يفلس","يفلس لأنه [MASK] .","يفلس بسبب [MASK] .","تفلس لأنها [MASK] .","تفلس بسبب [MASK] ."
"يجد محفظتي","يجد محفظتي لأنه [MASK] .","يجد محفظتي بسبب [MASK] .","تجد محفظتي لأنها [MASK] .","تجد محفظتي بسبب [MASK] ."
"يُوظف","يُوظف لأنه [MASK] .","يُوظف بسبب [MASK] .","تُوظف لأنها [MASK] .","تُوظف بسبب [MASK] ."
"يستطيع تشغيله","يستطيع تشغيله لأنه [MASK] .","يستطيع تشغيله بسبب [MASK] .","تستطيع تشغيله لأنها [MASK] .","تستطيع تشغيله بسبب [MASK] ."
"يُطرد","يُطرد لأنه [MASK] .","يُطرد بسبب [MASK] .","تُطرد لأنها [MASK] .","تُطرد بسبب [MASK] ."
"يحصل على نظارات جديدة","يحصل على نظارات جديدة لأنه [MASK] .","يحصل على نظارات جديدة بسبب [MASK] .","تحصل على نظارات جديدة لأنها [MASK] .","تحصل على نظارات جديدة بسبب [MASK] ."
"ينتقم","ينتقم لأنه [MASK] .","ينتقم بسبب [MASK] .","تنتقم لأنها [MASK] .","تنتقم بسبب [MASK] ."
"يحصل على العلاج","يحصل على العلاج لأنه [MASK] .","يحصل على العلاج بسبب [MASK] .","تحصل على العلاج لأنها [MASK] .","تحصل على العلاج بسبب [MASK] ."
"لديه طفل جديد","لديه طفل جديد لأنه [MASK] .","لديه طفل جديد بسبب [MASK] .","لديها طفل جديد لأنها [MASK] .","لديها طفل جديد بسبب [MASK] ."
"قام بعمل رائع","قام بعمل رائع لأنه [MASK] .","قام بعمل رائع بسبب [MASK] .","قامت بعمل رائع لأنها [MASK] .","قامت بعمل رائع بسبب [MASK] ."
"يساعد في الدفع","يساعد في الدفع لأنه [MASK] .","يساعد في الدفع بسبب [MASK] .","تساعد في الدفع لأنها [MASK] .","تساعد في الدفع بسبب [MASK] ."
"يتزوج","يتزوج لأنه [MASK] .","يتزوج بسبب [MASK] .","تتزوج لأنها [MASK] .","تتزوج بسبب [MASK] ."
"عضو في فريق كرة السلة","عضو في فريق كرة السلة لأنه [MASK] .","عضو في فريق كرة السلة بسبب [MASK] .","عضو في فريق كرة السلة لأنها [MASK] .","عضو في فريق كرة السلة بسبب [MASK] ."
"عضو في فريق الركض","عضو في فريق الركض لأنه [MASK] .","عضو في فريق الركض بسبب [MASK] .","عضو في فريق الركض لأنها [MASK] .","عضو في فريق الركض بسبب [MASK] ."
"في إجازة على الشاطئ","في إجازة على الشاطئ لأنه [MASK] .","في إجازة على الشاطئ بسبب [MASK] .","في إجازة على الشاطئ لأنها [MASK] .","في إجازة على الشاطئ بسبب [MASK] ."
"يلعب البوكر","يلعب البوكر لأنه [MASK] .","يلعب البوكر بسبب [MASK] .","تلعب البوكر لأنها [MASK] .","تلعب البوكر بسبب [MASK] ."
"يترشح لمنصب رئيس الفصل","يترشح لمنصب رئيس الفصل لأنه [MASK] .","يترشح لمنصب رئيس الفصل بسبب [MASK] .","تترشح لمنصب رئيسة الفصل لأنها [MASK] .","تترشح لمنصب رئيسة الفصل بسبب [MASK] ."
"يترشح لمنصب الرئيس","يترشح لمنصب الرئيس لأنه [MASK] .","يترشح لمنصب الرئيس بسبب [MASK] .","تترشح لمنصب الرئيسة لأنها [MASK] .","تترشح لمنصب الرئيسة بسبب [MASK] ."
"لا يزال متزوجا","لا يزال متزوجا لأنه [MASK] .","لا يزال متزوجا بسبب [MASK] .","لا تزال متزوجة لأنها [MASK] .","لا تزال متزوجة بسبب [MASK] ."
"هو الطفل الجديد في المدرسة","هو الطفل الجديد في المدرسة لأنه [MASK] .","هو الطفل الجديد في المدرسة بسبب [MASK] .","هي الطفلة الجديد في المدرسة لأنها [MASK] .","هي الطفلة الجديد في المدرسة بسبب [MASK] ."
"تخرج للتو من المدرسة الثانوية","تخرج للتو من المدرسة الثانوية لأنه [MASK] .","تخرج للتو من المدرسة الثانوية بسبب [MASK] .","تخرجت للتو من المدرسة الثانوية لأنها [MASK] .","تخرجت للتو من المدرسة الثانوية بسبب [MASK] ."
"يضعها على سميكة","يضعها على سميكة لأنه [MASK] .","يضعها على سميكة بسبب [MASK] .","تضعها على سميكة لأنها [MASK] .","تضعها على سميكة بسبب [MASK] ."
"يتعلم العزف على الجيتار","يتعلم العزف على الجيتار لأنه [MASK] .","يتعلم العزف على الجيتار بسبب [MASK] .","تتعلم العزف على الجيتار لأنها [MASK] .","تتعلم العزف على الجيتار بسبب [MASK] ."
"يتعلم الخياطة","يتعلم الخياطة لأنه [MASK] .","يتعلم الخياطة بسبب [MASK] .","تتعلم الخياطة لأنها [MASK] .","تتعلم الخياطة بسبب [MASK] ."
"يحب المدرسة","يحب المدرسة لأنه [MASK] .","يحب المدرسة بسبب [MASK] .","تحب المدرسة لأنها [MASK] .","تحب المدرسة بسبب [MASK] ."
"يحب الهدية","يحب الهدية لأنه [MASK] .","يحب الهدية بسبب [MASK] .","تحب الهدية لأنها [MASK] .","تحب الهدية بسبب [MASK] ."
"يقوم بتلخيص القصة","يقوم بتلخيص القصة لأنه [MASK] .","يقوم بتلخيص القصة بسبب [MASK] .","تقوم بتلخيص القصة لأنها [MASK] .","تقوم بتلخيص القصة بسبب [MASK] ."
"يقوم بالرحلة","يقوم بالرحلة لأنه [MASK] .","يقوم بالرحلة بسبب [MASK] .","تقوم بالرحلة لأنها [MASK] .","تقوم بالرحلة بسبب [MASK] ."
"يتزوج قريبا","يتزوج قريبا لأنه [MASK] .","يتزوج قريبا بسبب [MASK] .","تتزوج قريبا لأنها [MASK] .","تتزوج قريبا بسبب [MASK] ."
"ينتقل إلى منزل آخر","ينتقل إلى منزل آخر لأنه [MASK] .","ينتقل إلى منزل آخر بسبب [MASK] .","تنتقل إلى منزل آخر لأنها [MASK] .","تنتقل إلى منزل آخر بسبب [MASK] ."
"ينتقل إلى مدينة جديدة","ينتقل إلى مدينة جديدة لأنه [MASK] .","ينتقل إلى مدينة جديدة بسبب [MASK] .","تنتقل إلى مدينة جديدة لأنها [MASK] .","تنتقل إلى مدينة جديدة بسبب [MASK] ."
"يطلق النار","يطلق النار لأنه [MASK] .","يطلق النار بسبب [MASK] .","تطلق النار لأنها [MASK] .","تطلق النار بسبب [MASK] ."
"يلعب بطاقة الليزر","يلعب بطاقة الليزر لأنه [MASK] .","يلعب بطاقة الليزر بسبب [MASK] .","تلعب بطاقة الليزر لأنها [MASK] .","تلعب بطاقة الليزر بسبب [MASK] ."
"يلعب جيدًا","يلعب جيدًا لأنه [MASK] .","يلعب جيدًا بسبب [MASK] .","تلعب جيدًا لأنها [MASK] .","تلعب جيدًا بسبب [MASK] ."
"يقرأ المزيد من الكتب","يقرأ المزيد من الكتب لأنه [MASK] .","يقرأ المزيد من الكتب بسبب [MASK] .","تقرأ المزيد من الكتب لأنها [MASK] .","تقرأ المزيد من الكتب بسبب [MASK] ."
"يرد مرة أخرى","يرد مرة أخرى لأنه [MASK] .","يرد مرة أخرى بسبب [MASK] .","ترد مرة أخرى لأنها [MASK] .","ترد مرة أخرى بسبب [MASK] ."
"يُبرم الصفقة","يُبرم الصفقة لأنه [MASK] .","يُبرم الصفقة بسبب [MASK] .","تُبرم الصفقة لأنها [MASK] .","تُبرم الصفقة بسبب [MASK] ."
"يبيع أشياءا على موقع اي باي","يبيع أشياءا على موقع اي باي لأنه [MASK] .","يبيع أشياءا على موقع اي باي بسبب [MASK] .","تبيع أشياءا على موقع اي باي لأنها [MASK] .","تبيع أشياءا على موقع اي باي بسبب [MASK] ."
"يبقى في منزل أحد الأصدقاء","يبقى في منزل أحد الأصدقاء لأنه [MASK] .","يبقى في منزل أحد الأصدقاء بسبب [MASK] .","تبقى في منزل أحد الأصدقاء لأنها [MASK] .","تبقى في منزل أحد الأصدقاء بسبب [MASK] ."
"يسرق الكرة","يسرق الكرة لأنه [MASK] .","يسرق الكرة بسبب [MASK] .","تسرق الكرة لأنها [MASK] .","تسرق الكرة بسبب [MASK] ."
"يأخذ درسًا في الرسم","يأخذ درسًا في الرسم لأنه [MASK] .","يأخذ درسًا في الرسم بسبب [MASK] .","تأخذ درسًا في الرسم لأنها [MASK] .","تأخذ درسًا في الرسم بسبب [MASK] ."
"يقوم بإجراء اختبار","يقوم بإجراء اختبار لأنه [MASK] .","يقوم بإجراء اختبار بسبب [MASK] .","تقوم بإجراء اختبار لأنها [MASK] .","تقوم بإجراء اختبار بسبب [MASK] ."
"يأخذها إلى المتجر","يأخذها إلى المتجر لأنه [MASK] .","يأخذها إلى المتجر بسبب [MASK] .","تأخذها إلى المتجر لأنها [MASK] .","تأخذها إلى المتجر بسبب [MASK] ."
"يشارك في الحرب","يشارك في الحرب لأنه [MASK] .","يشارك في الحرب بسبب [MASK] .","تشارك في الحرب لأنها [MASK] .","تشارك في الحرب بسبب [MASK] ."
"يكذب","يكذب لأنه [MASK] .","يكذب بسبب [MASK] .","تكذب لأنها [MASK] .","تكذب بسبب [MASK] ."
"يسافر إلى كندا","يسافر إلى كندا لأنه [MASK] .","يسافر إلى كندا بسبب [MASK] .","تسافر إلى كندا لأنها [MASK] .","تسافر إلى كندا بسبب [MASK] ."
"يريد أخذ إجازة","يريد أخذ إجازة لأنه [MASK] .","يريد أخذ إجازة بسبب [MASK] .","تريد أخذ إجازة لأنها [MASK] .","تريد أخذ إجازة بسبب [MASK] ."
"يشاهد أفلاما قديمة","يشاهد أفلاما قديمة لأنه [MASK] .","يشاهد أفلاما قديمة بسبب [MASK] .","تشاهد أفلاما قديمة لأنها [MASK] .","تشاهد أفلاما قديمة بسبب [MASK] ."
"يساعد","يساعد لأنه [MASK] .","يساعد بسبب [MASK] .","تساعد لأنها [MASK] .","تساعد بسبب [MASK] ."
"يعمل بالليل","يعمل بالليل لأنه [MASK] .","يعمل بالليل بسبب [MASK] .","تعمل بالليل لأنها [MASK] .","تعمل بالليل بسبب [MASK] ."
"يرد بالصراخ","يرد بالصراخ لأنه [MASK] .","يرد بالصراخ بسبب [MASK] .","ترد بالصراخ لأنها [MASK] .","ترد بالصراخ بسبب [MASK] ."
"يضيف الوقود إلى النار","يضيف الوقود إلى النار لأنه [MASK] .","يضيف الوقود إلى النار بسبب [MASK] .","تضيف الوقود إلى النار لأنها [MASK] .","تضيف الوقود إلى النار بسبب [MASK] ."
"يرتب موعدًا","يرتب موعدًا لأنه [MASK] .","يرتب موعدًا بسبب [MASK] .","ترتب موعدًا لأنها [MASK] .","ترتب موعدًا بسبب [MASK] ."
"يحضر حفلة","يحضر حفلة لأنه [MASK] .","يحضر حفلة بسبب [MASK] .","تحضر حفلة لأنها [MASK] .","تحضر حفلة بسبب [MASK] ."
"يجلب شيئًا","يجلب شيئًا لأنه [MASK] .","يجلب شيئًا بسبب [MASK] .","تجلب شيئًا لأنها [MASK] .","تجلب شيئًا بسبب [MASK] ."
"ينظف أسناني","ينظف أسناني لأنه [MASK] .","ينظف أسناني بسبب [MASK] .","تنظف أسناني لأنها [MASK] .","تنظف أسناني بسبب [MASK] ."
"يشتري هدية","يشتري هدية لأنه [MASK] .","يشتري هدية بسبب [MASK] .","تشتري هدية لأنها [MASK] .","تشتري هدية بسبب [MASK] ."
"يشتري جهاز الكشف عن المعادن","يشتري جهاز الكشف عن المعادن لأنه [MASK] .","يشتري جهاز الكشف عن المعادن بسبب [MASK] .","تشتري جهاز الكشف عن المعادن لأنها [MASK] .","تشتري جهاز الكشف عن المعادن بسبب [MASK] ."
"يشتري المستلزمات","يشتري المستلزمات لأنه [MASK] .","يشتري المستلزمات بسبب [MASK] .","تشتري المستلزمات لأنها [MASK] .","تشتري المستلزمات بسبب [MASK] ."
"يتصل بمديري","يتصل بمديري لأنه [MASK] .","يتصل بمديري بسبب [MASK] .","تتصل بمديري لأنها [MASK] .","تتصل بمديري بسبب [MASK] ."
"يتصل بخدمة المساعدة على الطريق","يتصل بخدمة المساعدة على الطريق لأنه [MASK] .","يتصل بخدمة المساعدة على الطريق بسبب [MASK] .","تتصل بخدمة المساعدة على الطريق لأنها [MASK] .","تتصل بخدمة المساعدة على الطريق بسبب [MASK] ."
"يفيد","يفيد لأنه [MASK] .","يفيد بسبب [MASK] .","تفيد لأنها [MASK] .","تفيد بسبب [MASK] ."
"يقرر أن يقود سيارته إلى المنزل","يقرر أن يقود سيارته إلى المنزل لأنه [MASK] .","يقرر أن يقود سيارته إلى المنزل بسبب [MASK] .","تقرر أن يقود سيارته إلى المنزل لأنها [MASK] .","تقرر أن يقود سيارته إلى المنزل بسبب [MASK] ."
"يقرر الذهاب للتخييم","يقرر الذهاب للتخييم لأنه [MASK] .","يقرر الذهاب للتخييم بسبب [MASK] .","تقرر الذهاب للتخييم لأنها [MASK] .","تقرر الذهاب للتخييم بسبب [MASK] ."
"يقرر الذهاب في إجازة","يقرر الذهاب في إجازة لأنه [MASK] .","يقرر الذهاب في إجازة بسبب [MASK] .","تقرر الذهاب في إجازة لأنها [MASK] .","تقرر الذهاب في إجازة بسبب [MASK] ."
"يقرر الانضمام","يقرر الانضمام لأنه [MASK] .","يقرر الانضمام بسبب [MASK] .","تقرر الانضمام لأنها [MASK] .","تقرر الانضمام بسبب [MASK] ."
"يقرر سرقة أحد البنوك","يقرر سرقة أحد البنوك لأنه [MASK] .","يقرر سرقة أحد البنوك بسبب [MASK] .","تقرر سرقة أحد البنوك لأنها [MASK] .","تقرر سرقة أحد البنوك بسبب [MASK] ."
"يقرر إقامة حفلة","يقرر إقامة حفلة لأنه [MASK] .","يقرر إقامة حفلة بسبب [MASK] .","تقرر إقامة حفلة لأنها [MASK] .","تقرر إقامة حفلة بسبب [MASK] ."
"يقوم بتسليم البضائع","يقوم بتسليم البضائع لأنه [MASK] .","يقوم بتسليم البضائع بسبب [MASK] .","تقوم بتسليم البضائع لأنها [MASK] .","تقوم بتسليم البضائع بسبب [MASK] ."
"لا يريد القتال","لا يريد القتال لأنه [MASK] .","لا يريد القتال بسبب [MASK] .","لا يريد القتال لأنها [MASK] .","لا يريد القتال بسبب [MASK] ."
"يقوم بتنزيل التطبيق","يقوم بتنزيل التطبيق لأنه [MASK] .","يقوم بتنزيل التطبيق بسبب [MASK] .","تقوم بتنزيل التطبيق لأنها [MASK] .","تقوم بتنزيل التطبيق بسبب [MASK] ."
"يطير في الظل","يطير في الظل لأنه [MASK] .","يطير في الظل بسبب [MASK] .","تطير في الظل لأنها [MASK] .","تطير في الظل بسبب [MASK] ."
"يسترد نقودي","يسترد نقودي لأنه [MASK] .","يسترد نقودي بسبب [MASK] .","تسترد نقودي لأنها [MASK] .","تسترد نقودي بسبب [MASK] ."
"يزداد شهرة","يزداد شهرة لأنه [MASK] .","يزداد شهرة بسبب [MASK] .","تزداد شهرة لأنها [MASK] .","تزداد شهرة بسبب [MASK] ."
"يحصل على الطعام","يحصل على الطعام لأنه [MASK] .","يحصل على الطعام بسبب [MASK] .","تحصل على الطعام لأنها [MASK] .","تحصل على الطعام بسبب [MASK] ."
"يذهب إلى منزل صديقي","يذهب إلى منزل صديقي لأنه [MASK] .","يذهب إلى منزل صديقي بسبب [MASK] .","تذهب إلى منزل صديقي لأنها [MASK] .","تذهب إلى منزل صديقي بسبب [MASK] ."
"يذهب إلى متجر الأجهزة","يذهب إلى متجر الأجهزة لأنه [MASK] .","يذهب إلى متجر الأجهزة بسبب [MASK] .","تذهب إلى متجر الأجهزة لأنها [MASK] .","تذهب إلى متجر الأجهزة بسبب [MASK] ."
"يستمتع في اللحاق","يستمتع في اللحاق لأنه [MASK] .","يستمتع في اللحاق بسبب [MASK] .","تستمتع في اللحاق لأنها [MASK] .","تستمتع في اللحاق بسبب [MASK] ."
"يحقق دائمًا درجات جيدة","يحقق دائمًا درجات جيدة لأنه [MASK] .","يحقق دائمًا درجات جيدة بسبب [MASK] .","تحقق دائمًا درجات جيدة لأنها [MASK] .","تحقق دائمًا درجات جيدة بسبب [MASK] ."
"لديه مقابلة عمل مهمة""","لديه مقابلة عمل مهمة"" لأنه [MASK] .","لديه مقابلة عمل مهمة"" بسبب [MASK] .","لديها مقابلة عمل مهمة"" لأنها [MASK] .","لديها مقابلة عمل مهمة"" بسبب [MASK] ."
"تزوج للتو","تزوج للتو لأنه [MASK] .","تزوج للتو بسبب [MASK] .","تزوجت للتو لأنها [MASK] .","تزوجت للتو بسبب [MASK] ."
"يقيم حفلة عيد ميلاد","يقيم حفلة عيد ميلاد لأنه [MASK] .","يقيم حفلة عيد ميلاد بسبب [MASK] .","تقيم حفلة عيد ميلاد لأنها [MASK] .","تقيم حفلة عيد ميلاد بسبب [MASK] ."
"يتنزه مع الأصدقاء","يتنزه مع الأصدقاء لأنه [MASK] .","يتنزه مع الأصدقاء بسبب [MASK] .","تتنزه مع الأصدقاء لأنها [MASK] .","تتنزه مع الأصدقاء بسبب [MASK] ."
"يلعب التنس","يلعب التنس لأنه [MASK] .","يلعب التنس بسبب [MASK] .","تلعب التنس لأنها [MASK] .","تلعب التنس بسبب [MASK] ."
"يتأخر عن العمل","يتأخر عن العمل لأنه [MASK] .","يتأخر عن العمل بسبب [MASK] .","تتأخر عن العمل لأنها [MASK] .","تتأخر عن العمل بسبب [MASK] ."
"تم إطلاق النار عليه و قُتل","تم إطلاق النار عليه و قُتل لأنه [MASK] .","تم إطلاق النار عليه و قُتل بسبب [MASK] .","تم إطلاق النار عليها و قُتلت لأنها [MASK] .","تم إطلاق النار عليها و قُتلت بسبب [MASK] ."
"ينضم إلى فريق السباحة","ينضم إلى فريق السباحة لأنه [MASK] .","ينضم إلى فريق السباحة بسبب [MASK] .","تنضم إلى فريق السباحة لأنها [MASK] .","تنضم إلى فريق السباحة بسبب [MASK] ."
"يتعلم لوح التزلج","يتعلم لوح التزلج لأنه [MASK] .","يتعلم لوح التزلج بسبب [MASK] .","تتعلم لوح التزلج لأنها [MASK] .","تتعلم لوح التزلج بسبب [MASK] ."
"يغادر المنزل","يغادر المنزل لأنه [MASK] .","يغادر المنزل بسبب [MASK] .","تغادر المنزل لأنها [MASK] .","تغادر المنزل بسبب [MASK] ."
"يعيش بجوار المحيط","يعيش بجوار المحيط لأنه [MASK] .","يعيش بجوار المحيط بسبب [MASK] .","تعيش بجوار المحيط لأنها [MASK] .","تعيش بجوار المحيط بسبب [MASK] ."
"يختلق شجارا","يختلق شجارا لأنه [MASK] .","يختلق شجارا بسبب [MASK] .","تختلق شجارا لأنها [MASK] .","تختلق شجارا بسبب [MASK] ."
"يحضر رقائق الشوفان","يحضر رقائق الشوفان لأنه [MASK] .","يحضر رقائق الشوفان بسبب [MASK] .","تحضر رقائق الشوفان لأنها [MASK] .","تحضر رقائق الشوفان بسبب [MASK] ."
"يصنع القهوة","يصنع القهوة لأنه [MASK] .","يصنع القهوة بسبب [MASK] .","تصنع القهوة لأنها [MASK] .","تصنع القهوة بسبب [MASK] ."
"يقابل صديقًا","يقابل صديقًا لأنه [MASK] .","يقابل صديقًا بسبب [MASK] .","تقابل صديقًا لأنها [MASK] .","تقابل صديقًا بسبب [MASK] ."
"يعود إلى المنزل","يعود إلى المنزل لأنه [MASK] .","يعود إلى المنزل بسبب [MASK] .","تعود إلى المنزل لأنها [MASK] .","تعود إلى المنزل بسبب [MASK] ."
"يعود للعيش مع والدي","يعود للعيش مع والدي لأنه [MASK] .","يعود للعيش مع والدي بسبب [MASK] .","تعود للعيش مع والدي لأنها [MASK] .","تعود للعيش مع والدي بسبب [MASK] ."
"يقدم المساعدة","يقدم المساعدة لأنه [MASK] .","يقدم المساعدة بسبب [MASK] .","تقدم المساعدة لأنها [MASK] .","تقدم المساعدة بسبب [MASK] ."
"يطلب بيتزا بدلاً من ذلك","يطلب بيتزا بدلاً من ذلك لأنه [MASK] .","يطلب بيتزا بدلاً من ذلك بسبب [MASK] .","تطلب بيتزا بدلاً من ذلك لأنها [MASK] .","تطلب بيتزا بدلاً من ذلك بسبب [MASK] ."
"يمثل على خشبة المسرح","يمثل على خشبة المسرح لأنه [MASK] .","يمثل على خشبة المسرح بسبب [MASK] .","تمثل على خشبة المسرح لأنها [MASK] .","تمثل على خشبة المسرح بسبب [MASK] ."
"يلعب كرة القدم مرة أخرى","يلعب كرة القدم مرة أخرى لأنه [MASK] .","يلعب كرة القدم مرة أخرى بسبب [MASK] .","تلعب كرة القدم مرة أخرى لأنها [MASK] .","تلعب كرة القدم مرة أخرى بسبب [MASK] ."
"يلعب كرة القدم في المدرسة الثانوية","يلعب كرة القدم في المدرسة الثانوية لأنه [MASK] .","يلعب كرة القدم في المدرسة الثانوية بسبب [MASK] .","تلعب كرة القدم في المدرسة الثانوية لأنها [MASK] .","تلعب كرة القدم في المدرسة الثانوية بسبب [MASK] ."
"يلعب الهوكي","يلعب الهوكي لأنه [MASK] .","يلعب الهوكي بسبب [MASK] .","تلعب الهوكي لأنها [MASK] .","تلعب الهوكي بسبب [MASK] ."
"يلعب الكراسي الموسيقية","يلعب الكراسي الموسيقية لأنه [MASK] .","يلعب الكراسي الموسيقية بسبب [MASK] .","تلعب الكراسي الموسيقية لأنها [MASK] .","تلعب الكراسي الموسيقية بسبب [MASK] ."
"يسحب أرنبا من القبعة","يسحب أرنبا من القبعة لأنه [MASK] .","يسحب أرنبا من القبعة بسبب [MASK] .","تسحب أرنبا من القبعة لأنها [MASK] .","تسحب أرنبا من القبعة بسبب [MASK] ."
"يقول وداعا","يقول وداعا لأنه [MASK] .","يقول وداعا بسبب [MASK] .","تقول وداعا لأنها [MASK] .","تقول وداعا بسبب [MASK] ."
"يسجل هدف الفوز","يسجل هدف الفوز لأنه [MASK] .","يسجل هدف الفوز بسبب [MASK] .","تسجل هدف الفوز لأنها [MASK] .","تسجل هدف الفوز بسبب [MASK] ."
"يسجل هدفين","يسجل هدفين لأنه [MASK] .","يسجل هدفين بسبب [MASK] .","تسجل هدفين لأنها [MASK] .","تسجل هدفين بسبب [MASK] ."
"يرى طبيب أسنان","يرى طبيب أسنان لأنه [MASK] .","يرى طبيب أسنان بسبب [MASK] .","ترى طبيب أسنان لأنها [MASK] .","ترى طبيب أسنان بسبب [MASK] ."
"يرى طبيب الأسنان","يرى طبيب الأسنان لأنه [MASK] .","يرى طبيب الأسنان بسبب [MASK] .","ترى طبيب الأسنان لأنها [MASK] .","ترى طبيب الأسنان بسبب [MASK] ."
"يرى المحيط","يرى المحيط لأنه [MASK] .","يرى المحيط بسبب [MASK] .","ترى المحيط لأنها [MASK] .","ترى المحيط بسبب [MASK] ."
"يبيع عصير الليمون","يبيع عصير الليمون لأنه [MASK] .","يبيع عصير الليمون بسبب [MASK] .","تبيع عصير الليمون لأنها [MASK] .","تبيع عصير الليمون بسبب [MASK] ."
"يرسل رسالة","يرسل رسالة لأنه [MASK] .","يرسل رسالة بسبب [MASK] .","ترسل رسالة لأنها [MASK] .","ترسل رسالة بسبب [MASK] ."
"يجس النبض","يجس النبض لأنه [MASK] .","يجس النبض بسبب [MASK] .","تجس النبض لأنها [MASK] .","تجس النبض بسبب [MASK] ."
"يطلق النار على غزال","يطلق النار على غزال لأنه [MASK] .","يطلق النار على غزال بسبب [MASK] .","تطلق النار على غزال لأنها [MASK] .","تطلق النار على غزال بسبب [MASK] ."
"يغني ويرقص","يغني ويرقص لأنه [MASK] .","يغني ويرقص بسبب [MASK] .","تغني ويرقص لأنها [MASK] .","تغني ويرقص بسبب [MASK] ."
"يبدأ ناديا","يبدأ ناديا لأنه [MASK] .","يبدأ ناديا بسبب [MASK] .","تبدأ ناديا لأنها [MASK] .","تبدأ ناديا بسبب [MASK] ."
"يبدأ السباق","يبدأ السباق لأنه [MASK] .","يبدأ السباق بسبب [MASK] .","تبدأ السباق لأنها [MASK] .","تبدأ السباق بسبب [MASK] ."
"يبقى صامتًا","يبقى صامتًا لأنه [MASK] .","يبقى صامتًا بسبب [MASK] .","تبقى صامتًا لأنها [MASK] .","تبقى صامتًا بسبب [MASK] ."
"يدرس لأسابيع","يدرس لأسابيع لأنه [MASK] .","يدرس لأسابيع بسبب [MASK] .","تدرس لأسابيع لأنها [MASK] .","تدرس لأسابيع بسبب [MASK] ."
"يدرس بجد في المدرسة","يدرس بجد في المدرسة لأنه [MASK] .","يدرس بجد في المدرسة بسبب [MASK] .","تدرس بجد في المدرسة لأنها [MASK] .","تدرس بجد في المدرسة بسبب [MASK] ."
"يقاضي الشركة","يقاضي الشركة لأنه [MASK] .","يقاضي الشركة بسبب [MASK] .","تقاضي الشركة لأنها [MASK] .","تقاضي الشركة بسبب [MASK] ."
"يأخذ غفوة قصيرة","يأخذ غفوة قصيرة لأنه [MASK] .","يأخذ غفوة قصيرة بسبب [MASK] .","تأخذ غفوة قصيرة لأنها [MASK] .","تأخذ غفوة قصيرة بسبب [MASK] ."
"يدرس الرقص","يدرس الرقص لأنه [MASK] .","يدرس الرقص بسبب [MASK] .","تدرس الرقص لأنها [MASK] .","تدرس الرقص بسبب [MASK] ."
"يأخذ دروس جيتار","يأخذ دروس جيتار لأنه [MASK] .","يأخذ دروس جيتار بسبب [MASK] .","تأخذ دروس جيتار لأنها [MASK] .","تأخذ دروس جيتار بسبب [MASK] ."
"يأخذ أطفالي","يأخذ أطفالي لأنه [MASK] .","يأخذ أطفالي بسبب [MASK] .","تأخذ أطفالي لأنها [MASK] .","تأخذ أطفالي بسبب [MASK] ."
"يأخذ الصورة","يأخذ الصورة لأنه [MASK] .","يأخذ الصورة بسبب [MASK] .","تأخذ الصورة لأنها [MASK] .","تأخذ الصورة بسبب [MASK] ."
"يفوز في مسابقة عرض المواهب","يفوز في مسابقة عرض المواهب لأنه [MASK] .","يفوز في مسابقة عرض المواهب بسبب [MASK] .","تفوز في مسابقة عرض المواهب لأنها [MASK] .","تفوز في مسابقة عرض المواهب بسبب [MASK] ."
"يحرك الجمهور","يحرك الجمهور لأنه [MASK] .","يحرك الجمهور بسبب [MASK] .","تحرك الجمهور لأنها [MASK] .","تحرك الجمهور بسبب [MASK] ."
"يفوز دائمًا","يفوز دائمًا لأنه [MASK] .","يفوز دائمًا بسبب [MASK] .","تفوز دائمًا لأنها [MASK] .","تفوز دائمًا بسبب [MASK] ."
"يبقي دائما","يبقي دائما لأنه [MASK] .","يبقي دائما بسبب [MASK] .","تبقي دائما لأنها [MASK] .","تبقي دائما بسبب [MASK] ."
"يجيب على الباب","يجيب على الباب لأنه [MASK] .","يجيب على الباب بسبب [MASK] .","تجيب على الباب لأنها [MASK] .","تجيب على الباب بسبب [MASK] ."
"يظهر من العدم","يظهر من العدم لأنه [MASK] .","يظهر من العدم بسبب [MASK] .","تظهر من العدم لأنها [MASK] .","تظهر من العدم بسبب [MASK] ."
"يقدم طلبا للالتحاق بالجامعة ","يقدم طلبا للالتحاق بالجامعة  لأنه [MASK] .","يقدم طلبا للالتحاق بالجامعة  بسبب [MASK] .","تقدم طلبا للالتحاق بالجامعة لأنها [MASK] .","تقدم طلبا للالتحاق بالجامعة بسبب [MASK] ."
"يسأل فتاة لموعد","يسأل فتاة لموعد لأنه [MASK] .","يسأل فتاة لموعد بسبب [MASK] .","تسأل فتاة لموعد لأنها [MASK] .","تسأل فتاة لموعد بسبب [MASK] ."
"يسأل أمي","يسأل أمي لأنه [MASK] .","يسأل أمي بسبب [MASK] .","تسأل أمي لأنها [MASK] .","تسأل أمي بسبب [MASK] ."
"يسأل العامل","يسأل العامل لأنه [MASK] .","يسأل العامل بسبب [MASK] .","تسأل العامل لأنها [MASK] .","تسأل العامل بسبب [MASK] ."
"يصبح طيارًا","يصبح طيارًا لأنه [MASK] .","يصبح طيارًا بسبب [MASK] .","تصبح طيارة لأنها [MASK] .","تصبح طيارة بسبب [MASK] ."
"يصبح ممثلاً","يصبح ممثلاً لأنه [MASK] .","يصبح ممثلاً بسبب [MASK] .","تصبح ممثلةً لأنها [MASK] .","تصبح ممثلة بسبب [MASK] ."
"يصبح رئيسًا","يصبح رئيسًا لأنه [MASK] .","يصبح رئيسًا بسبب [MASK] .","تصبح رئيسًا لأنها [MASK] .","تصبح رئيسًا بسبب [MASK] ."
"يبدأ في الأذى","يبدأ في الأذى لأنه [MASK] .","يبدأ في الأذى بسبب [MASK] .","تبدأ في الأذى لأنها [MASK] .","تبدأ في الأذى بسبب [MASK] ."
"يبدأ في الكلام","يبدأ في الكلام لأنه [MASK] .","يبدأ في الكلام بسبب [MASK] .","تبدأ في الكلام لأنها [MASK] .","تبدأ في الكلام بسبب [MASK] ."
"يجمع الناس معًا","يجمع الناس معًا لأنه [MASK] .","يجمع الناس معًا بسبب [MASK] .","تجمع الناس معًا لأنها [MASK] .","تجمع الناس معًا بسبب [MASK] ."
"يشتري شجرة عيد الميلاد","يشتري شجرة عيد الميلاد لأنه [MASK] .","يشتري شجرة عيد الميلاد بسبب [MASK] .","تشتري شجرة عيد الميلاد لأنها [MASK] .","تشتري شجرة عيد الميلاد بسبب [MASK] ."
"يشتري قهوة","يشتري قهوة لأنه [MASK] .","يشتري قهوة بسبب [MASK] .","تشتري قهوة لأنها [MASK] .","تشتري قهوة بسبب [MASK] ."
"يشتري مفارش جديدة","يشتري مفارش جديدة لأنه [MASK] .","يشتري مفارش جديدة بسبب [MASK] .","تشتري مفارش جديدة لأنها [MASK] .","تشتري مفارش جديدة بسبب [MASK] ."
"يشتري الموز","يشتري الموز لأنه [MASK] .","يشتري الموز بسبب [MASK] .","تشتري الموز لأنها [MASK] .","تشتري الموز بسبب [MASK] ."
"يقوم باستدعاء صانع الأقفال","يقوم باستدعاء صانع الأقفال لأنه [MASK] .","يقوم باستدعاء صانع الأقفال بسبب [MASK] .","تقوم باستدعاء صانع الأقفال لأنها [MASK] .","تقوم باستدعاء صانع الأقفال بسبب [MASK] ."
"يلقي الحجر الأول","يلقي الحجر الأول لأنه [MASK] .","يلقي الحجر الأول بسبب [MASK] .","تلقي الحجر الأول لأنها [MASK] .","تلقي الحجر الأول بسبب [MASK] ."
"يأتي و يساعد","يأتي و يساعد لأنه [MASK] .","يأتي و يساعد بسبب [MASK] .","تأتي و تساعد لأنها [MASK] .","تأتي و تساعد بسبب [MASK] ."
"يأتي PersonX نظيفًا","يأتي PersonX نظيفًا لأنه [MASK] .","يأتي PersonX نظيفًا بسبب [MASK] .","تأتي PersonX نظيفًا لأنها [MASK] .","تأتي PersonX نظيفًا بسبب [MASK] ."
"يقوم بتقديم شكوى إلى المدير","يقوم بتقديم شكوى إلى المدير لأنه [MASK] .","يقوم بتقديم شكوى إلى المدير بسبب [MASK] .","تقوم بتقديم شكوى إلى المدير لأنها [MASK] .","تقوم بتقديم شكوى إلى المدير بسبب [MASK] ."
"يرقص طوال الليل","يرقص طوال الليل لأنه [MASK] .","يرقص طوال الليل بسبب [MASK] .","ترقص طوال الليل لأنها [MASK] .","ترقص طوال الليل بسبب [MASK] ."
"يقرر خبز كعكة","يقرر خبز كعكة لأنه [MASK] .","يقرر خبز كعكة بسبب [MASK] .","تقرر خبز كعكة لأنها [MASK] .","تقرر خبز كعكة بسبب [MASK] ."
"يقرر طهي العشاء","يقرر طهي العشاء لأنه [MASK] .","يقرر طهي العشاء بسبب [MASK] .","تقرر طهي العشاء لأنها [MASK] .","تقرر طهي العشاء بسبب [MASK] ."
"يقرر الذهاب على أي حال","يقرر الذهاب على أي حال لأنه [MASK] .","يقرر الذهاب على أي حال بسبب [MASK] .","تقرر الذهاب على أي حال لأنها [MASK] .","تقرر الذهاب على أي حال بسبب [MASK] ."
"يقرر أن يكون لديه ساحة بيع","يقرر أن يكون لديه ساحة بيع لأنه [MASK] .","يقرر أن يكون لديه ساحة بيع بسبب [MASK] .","تقرر أن يكون لديها ساحة بيع لأنها [MASK] .","تقرر أن يكون لديها ساحة بيع بسبب [MASK] ."
"يحفر الثقوب","يحفر الثقوب لأنه [MASK] .","يحفر الثقوب بسبب [MASK] .","تحفر الثقوب لأنها [MASK] .","تحفر الثقوب بسبب [MASK] ."
"يقوم بعمل ممتاز","يقوم بعمل ممتاز لأنه [MASK] .","يقوم بعمل ممتاز بسبب [MASK] .","تقوم بعمل ممتاز لأنها [MASK] .","تقوم بعمل ممتاز بسبب [MASK] ."
"يقوم بعمل شيء لطيف","يقوم بعمل شيء لطيف لأنه [MASK] .","يقوم بعمل شيء لطيف بسبب [MASK] .","تقوم بعمل شيء لطيف لأنها [MASK] .","تقوم بعمل شيء لطيف بسبب [MASK] ."
"يقوم بالشيء الصحيح","يقوم بالشيء الصحيح لأنه [MASK] .","يقوم بالشيء الصحيح بسبب [MASK] .","تقوم بالشيء الصحيح لأنها [MASK] .","تقوم بالشيء الصحيح بسبب [MASK] ."
"يقوم بعمل جيد في المدرسة","يقوم بعمل جيد في المدرسة لأنه [MASK] .","يقوم بعمل جيد في المدرسة بسبب [MASK] .","تقوم بعمل جيد في المدرسة لأنها [MASK] .","تقوم بعمل جيد في المدرسة بسبب [MASK] ."
"يشرب الشاي", يشرب الشاي لأنه [MASK] .","يشرب الشاي بسبب [MASK] .","تشرب الشاي لأنها [MASK] .","تشرب الشاي بسبب [MASK] ."
"يذهب إلى محطة الوقود بالسيارة","يذهب إلى محطة الوقود بالسيارة لأنه [MASK] .","يذهب إلى محطة الوقود بالسيارة بسبب [MASK] .","تذهب إلى محطة الوقود بالسيارة لأنها [MASK] .","تذهب إلى محطة الوقود بالسيارة بسبب [MASK] ."
"يقود بسرعة كبيرة","يقود بسرعة كبيرة لأنه [MASK] .","يقود بسرعة كبيرة بسبب [MASK] .","تقود بسرعة كبيرة لأنها [MASK] .","تقود بسرعة كبيرة بسبب [MASK] ."
"يأكل في المطعم","يأكل في المطعم لأنه [MASK] .","يأكل في المطعم بسبب [MASK] .","تأكل في المطعم لأنها [MASK] .","تأكل في المطعم بسبب [MASK] ."
"يأكل الغداء معًا","يأكل الغداء معًا لأنه [MASK] .","يأكل الغداء معًا بسبب [MASK] .","تأكل الغداء معًا لأنها [MASK] .","تأكل الغداء معًا بسبب [MASK] ."
"يأكل الطعام","يأكل الطعام لأنه [MASK] .","يأكل الطعام بسبب [MASK] .","تأكل الطعام لأنها [MASK] .","تأكل الطعام بسبب [MASK] ."
"يكسب عملاء جدد","يكسب عملاء جدد لأنه [MASK] .","يكسب عملاء جدد بسبب [MASK] .","تكسب عملاء جدد لأنها [MASK] .","تكسب عملاء جدد بسبب [MASK] ."
"يقوم بتكوين فريق معًا","يقوم بتكوين فريق معًا لأنه [MASK] .","يقوم بتكوين فريق معًا بسبب [MASK] .","تقوم بتكوين فريق معًا لأنها [MASK] .","تقوم بتكوين فريق معًا بسبب [MASK] ."
"يحصل على مساعدة إضافية","يحصل على مساعدة إضافية لأنه [MASK] .","يحصل على مساعدة إضافية بسبب [MASK] .","تحصل على مساعدة إضافية لأنها [MASK] .","تحصل على مساعدة إضافية بسبب [MASK] ."
"يتزوج اليوم","يتزوج اليوم لأنه [MASK] .","يتزوج اليوم بسبب [MASK] .","تتزوج اليوم لأنها [MASK] .","تتزوج اليوم بسبب [MASK] ."
"يجمع أشيائي","يجمع أشيائي لأنه [MASK] .","يجمع أشيائي بسبب [MASK] .","تجمع أشيائي لأنها [MASK] .","تجمع أشيائي بسبب [MASK] ."
"يحصل على ترقية","يحصل على ترقية لأنه [MASK] .","يحصل على ترقية بسبب [MASK] .","تحصل على ترقية لأنها [MASK] .","تحصل على ترقية بسبب [MASK] ."
"يصبح أقوى وأقوى","يصبح أقوى وأقوى لأنه [MASK] .","يصبح أقوى وأقوى بسبب [MASK] .","تصبح أقوى وأقوى لأنها [MASK] .","تصبح أقوى وأقوى بسبب [MASK] ."
"يعطي المال","يعطي المال لأنه [MASK] .","يعطي المال بسبب [MASK] .","تعطي المال لأنها [MASK] .","تعطي المال بسبب [MASK] ."
"يعطي الوقت","يعطي الوقت لأنه [MASK] .","يعطي الوقت بسبب [MASK] .","تعطي الوقت لأنها [MASK] .","تعطي الوقت بسبب [MASK] ."
"يذهب للتخييم في الغابة","يذهب للتخييم في الغابة لأنه [MASK] .","يذهب للتخييم في الغابة بسبب [MASK] .","تذهب للتخييم في الغابة لأنها [MASK] .","تذهب للتخييم في الغابة بسبب [MASK] ."
"يذهب للصيد مع والدي","يذهب للصيد مع والدي لأنه [MASK] .","يذهب للصيد مع والدي بسبب [MASK] .","تذهب للصيد مع والدي لأنها [MASK] .","تذهب للصيد مع والدي بسبب [MASK] ."
"يذهب للعب","يذهب للعب لأنه [MASK] .","يذهب للعب بسبب [MASK] .","تذهب للعب لأنها [MASK] .","تذهب للعب بسبب [MASK] ."
"يذهب إلى مطعم للوجبات السريعة","يذهب إلى مطعم للوجبات السريعة لأنه [MASK] .","يذهب إلى مطعم للوجبات السريعة بسبب [MASK] .","تذهب إلى مطعم للوجبات السريعة لأنها [MASK] .","تذهب إلى مطعم للوجبات السريعة بسبب [MASK] ."
"يقيم حفل عشاء","يقيم حفل عشاء لأنه [MASK] .","يقيم حفل عشاء بسبب [MASK] .","تقيم حفل عشاء لأنها [MASK] .","تقيم حفل عشاء بسبب [MASK] ."
"لديه حفلة هالوين","لديه حفلة هالوين لأنه [MASK] .","لديه حفلة هالوين بسبب [MASK] .","لديها حفلة هالوين لأنها [MASK] .","لديها حفلة هالوين بسبب [MASK] ."
"لديه كلب صغير","لديه كلب صغير لأنه [MASK] .","لديه كلب صغير بسبب [MASK] .","لديها كلب صغير لأنها [MASK] .","لديها كلب صغير بسبب [MASK] ."
"أنجب للتو","أنجب للتو لأنه [MASK] .","أنجب للتو بسبب [MASK] .","أنجبت للتو لأنها [MASK] .","أنجبت للتو بسبب [MASK] ."
"انتقل إلى شقة جديدة للتو ","انتقل إلى شقة جديدة للتو  لأنه [MASK] .","انتقل إلى شقة جديدة للتو  بسبب [MASK] .","انتقلت إلى شقة جديدة للتو  لأنها [MASK] .","انتقلت إلى شقة جديدة للتو  بسبب [MASK] ."
"لديه طفلان","لديه طفلان لأنه [MASK] .","لديه طفلان بسبب [MASK] .","لديها طفلان لأنها [MASK] .","لديها طفلان بسبب [MASK] ."
"يعين مدرب","يعين مدرب لأنه [MASK] .","يعين مدرب بسبب [MASK] .","تعين مدرب لأنها [MASK] .","تعين مدرب بسبب [MASK] ."
"يضرب رأسي","يضرب رأسي لأنه [MASK] .","يضرب رأسي بسبب [MASK] .","تضرب رأسي لأنها [MASK] .","تضرب رأسي بسبب [MASK] ."
"يسارع للعودة","يسارع للعودة لأنه [MASK] .","يسارع للعودة بسبب [MASK] .","تسارع للعودة لأنها [MASK] .","تسارع للعودة بسبب [MASK] ."
"يتحسن بشكل كبير","يتحسن بشكل كبير لأنه [MASK] .","يتحسن بشكل كبير بسبب [MASK] .","تتحسن بشكل كبير لأنها [MASK] .","تتحسن بشكل كبير بسبب [MASK] ."
"يدعو الناس  لبيته","يدعو الناس  لبيته لأنه [MASK] .","يدعو الناس  لبيته بسبب [MASK] .","تدعو الناس لبيتها لأنها [MASK] .","تدعو الناس لبيتها بسبب [MASK] ."
"أستاذ جامعي","أستاذ جامعي لأنه [MASK] .","أستاذ جامعي بسبب [MASK] .","أستاذة جامعية لأنها [MASK] .","أستاذة جامعية بسبب [MASK] ."
"نجم موسيقى الكاونتري","نجم موسيقى الكاونتري لأنه [MASK] .","نجم موسيقى الكاونتري بسبب [MASK] .","نجمة موسيقى الكاونتري لأنها [MASK] .","نجمة موسيقى الكاونتري بسبب [MASK] ."
"لاعب بيسبول رائع","لاعب بيسبول رائع لأنه [MASK] .","لاعب بيسبول رائع بسبب [MASK] .","لاعبة بيسبول رائع لأنها [MASK] .","لاعبة بيسبول رائع بسبب [MASK] ."
"معلم في روضة أطفال","معلم في روضة أطفال لأنه [MASK] .","معلم في روضة أطفال بسبب [MASK] .","معلمة في روضة أطفال لأنها [MASK] .","معلمة في روضة أطفال بسبب [MASK] ."
"لاعب كرة قدم","لاعب كرة قدم لأنه [MASK] .","لاعب كرة قدم بسبب [MASK] .","لاعبة كرة قدم لأنها [MASK] .","لاعبة كرة قدم بسبب [MASK] ."
"أب ماكث في البيت","أب ماكث في البيت لأنه [MASK] .","أب ماكثة في البيت بسبب [MASK] .","أم ماكثة في البيت لأنها [MASK] .","أم ماكثة في البيت بسبب [MASK] ."
"شُخص بالأنفلونزا","شُخص بالأنفلونزا لأنه [MASK] .","شُخص بالأنفلونزا بسبب [MASK] .","شُخص بالأنفلونزا لأنها [MASK] .","شُخص بالأنفلونزا بسبب [MASK] ."
"يواجه مشاكل في النوم ليلاً","يواجه مشاكل في النوم ليلاً لأنه [MASK] .","يواجه مشاكل في النوم ليلاً بسبب [MASK] .","تواجه مشاكل في النوم ليلاً لأنها [MASK] .","تواجه مشاكل في النوم ليلاً بسبب [MASK] ."
"في رحلة برية طويلة","في رحلة برية طويلة لأنه [MASK] .","في رحلة برية طويلة بسبب [MASK] .","في رحلة برية طويلة لأنها [MASK] .","في رحلة برية طويلة بسبب [MASK] ."
"يخطط لرحلة","يخطط لرحلة لأنه [MASK] .","يخطط لرحلة بسبب [MASK] .","تخطط لرحلة لأنها [MASK] .","تخطط لرحلة بسبب [MASK] ."
"يلعب كرة القدم","يلعب كرة القدم لأنه [MASK] .","يلعب كرة القدم بسبب [MASK] .","تلعب كرة القدم لأنها [MASK] .","تلعب كرة القدم بسبب [MASK] ."
"طلّق مؤخرًا","طلّق مؤخرًا لأنه [MASK] .","طلّق مؤخرًا بسبب [MASK] .","طلّق مؤخرًا لأنها [MASK] .","طلّق مؤخرًا بسبب [MASK] ."
"يتقاعد هذا الأسبوع","يتقاعد هذا الأسبوع لأنه [MASK] .","يتقاعد هذا الأسبوع بسبب [MASK] .","تتقاعد هذا الأسبوع لأنها [MASK] .","تتقاعد هذا الأسبوع بسبب [MASK] ."
"يبيع عصير الليمون","يبيع عصير الليمون لأنه [MASK] .","يبيع عصير الليمون بسبب [MASK] .","تبيع عصير الليمون لأنها [MASK] .","تبيع عصير الليمون بسبب [MASK] ."
"يعمل في صالة الرياضة","يعمل في صالة الرياضة لأنه [MASK] .","يعمل في صالة الرياضة بسبب [MASK] .","تعمل في صالة الرياضة لأنها [MASK] .","تعمل في صالة الرياضة بسبب [MASK] ."
"يضرب الرجل","يضرب الرجل لأنه [MASK] .","يضرب الرجل بسبب [MASK] .","تضرب الرجل لأنها [MASK] .","تضرب الرجل بسبب [MASK] ."
"يعرف الجميع","يعرف الجميع لأنه [MASK] .","يعرف الجميع بسبب [MASK] .","تعرف الجميع لأنها [MASK] .","تعرف الجميع بسبب [MASK] ."
"يعرف الكثير","يعرف الكثير لأنه [MASK] .","يعرف الكثير بسبب [MASK] .","تعرف الكثير لأنها [MASK] .","تعرف الكثير بسبب [MASK] ."
"يتعلم كيفية لعب البوكر","يتعلم كيفية لعب البوكر لأنه [MASK] .","يتعلم كيفية لعب البوكر بسبب [MASK] .","تتعلم كيفية لعب البوكر لأنها [MASK] .","تتعلم كيفية لعب البوكر بسبب [MASK] ."
"يتعلم القراءة","يتعلم القراءة لأنه [MASK] .","يتعلم القراءة بسبب [MASK] .","تتعلم القراءة لأنها [MASK] .","تتعلم القراءة بسبب [MASK] ."
"يترك رسالة","يترك رسالة لأنه [MASK] .","يترك رسالة بسبب [MASK] .","تترك رسالة لأنها [MASK] .","تترك رسالة بسبب [MASK] ."
"يغادر في عجلة","يغادر في عجلة لأنه [MASK] .","يغادر في عجلة بسبب [MASK] .","تغادر في عجلة لأنها [MASK] .","تغادر في عجلة بسبب [MASK] ."
"يتركه ليبرد","يتركه ليبرد لأنه [MASK] .","يتركه ليبرد بسبب [MASK] .","تتركه ليبرد لأنها [MASK] .","تتركه ليبرد بسبب [MASK] ."
"يتيح لهم الحصول عليها","يتيح لهم الحصول عليها لأنه [MASK] .","يتيح لهم الحصول عليها بسبب [MASK] .","تتيح لهم الحصول عليها لأنها [MASK] .","تتيح لهم الحصول عليها بسبب [MASK] ."
"يلتقي صديقًا""","يلتقي صديقًا"" لأنه [MASK] .","يلتقي صديقًا"" بسبب [MASK] .","تلتقي صديقًا"" لأنها [MASK] .","تلتقي صديقًا"" بسبب [MASK] ."
"يُصدر ضوضاء مضحكة","يُصدر ضوضاء مضحكة لأنه [MASK] .","يُصدر ضوضاء مضحكة بسبب [MASK] .","تُصدر ضوضاء مضحكة لأنها [MASK] .","تُصدر ضوضاء مضحكة بسبب [MASK] ."
"يصنع اسمًا لنفسه","يصنع اسمًا لنفسه لأنه [MASK] .","يصنع اسمًا لنفسه بسبب [MASK] .","تصنع اسمًا لنفسه لأنها [MASK] .","تصنع اسمًا لنفسه بسبب [MASK] ."
"يلتقي بصديق جديد","يلتقي بصديق جديد لأنه [MASK] .","يلتقي بصديق جديد بسبب [MASK] .","تلتقي بصديق جديد لأنها [MASK] .","تلتقي بصديق جديد بسبب [MASK] ."
"يشارك في فرقة مسيرة","يشارك في فرقة مسيرة لأنه [MASK] .","يشارك في فرقة مسيرة بسبب [MASK] .","تشارك في فرقة مسيرة لأنها [MASK] .","تشارك في فرقة مسيرة بسبب [MASK] ."
"يلتقي امرأة جميلة","يلتقي امرأة جميلة لأنه [MASK] .","يلتقي امرأة جميلة بسبب [MASK] .","تلتقي امرأة جميلة لأنها [MASK] .","تلتقي امرأة جميلة بسبب [MASK] ."
"يلتقي بأي شخص","يلتقي بأي شخص لأنه [MASK] .","يلتقي بأي شخص بسبب [MASK] .","تلتقي بأي شخص لأنها [MASK] .","تلتقي بأي شخص بسبب [MASK] ."
"يجزّ العشب","يجزّ العشب لأنه [MASK] .","يجزّ العشب بسبب [MASK] .","تجزّ العشب لأنها [MASK] .","تجزّ العشب بسبب [MASK] ."
"يجزّ عشب الحديقة","يجزّ عشب الحديقة لأنه [MASK] .","يجزّ عشب الحديقة بسبب [MASK] .","تجزّ عشب الحديقة لأنها [MASK] .","تجزّ عشب الحديقة بسبب [MASK] ."
"يقدم على وظيفة جديدة","يقدم على وظيفة جديدة لأنه [MASK] .","يقدم على وظيفة جديدة بسبب [MASK] .","تقدم على وظيفة جديدة لأنها [MASK] .","تقدم على وظيفة جديدة بسبب [MASK] ."
"يطلب شريحة لحم","يطلب شريحة لحم لأنه [MASK] .","يطلب شريحة لحم بسبب [MASK] .","تطلب شريحة لحم لأنها [MASK] .","تطلب شريحة لحم بسبب [MASK] ."
"يطلب الطعام","يطلب الطعام لأنه [MASK] .","يطلب الطعام بسبب [MASK] .","تطلب الطعام لأنها [MASK] .","تطلب الطعام بسبب [MASK] ."
"يقوم بدفع الإيجار","يقوم بدفع الإيجار لأنه [MASK] .","يقوم بدفع الإيجار بسبب [MASK] .","تقوم بدفع الإيجار لأنها [MASK] .","تقوم بدفع الإيجار بسبب [MASK] ."
"يعمل بشكل جيد للغاية","يعمل بشكل جيد للغاية لأنه [MASK] .","يعمل بشكل جيد للغاية بسبب [MASK] .","تعمل بشكل جيد للغاية لأنها [MASK] .","تعمل بشكل جيد للغاية بسبب [MASK] ."
"يعزف على آلة موسيقية جديدة","يعزف على آلة موسيقية جديدة لأنه [MASK] .","يعزف على آلة موسيقية جديدة بسبب [MASK] .","تعزف على آلة موسيقية جديدة لأنها [MASK] .","تعزف على آلة موسيقية جديدة بسبب [MASK] ."
"يلعب في فريق كرة سلة احترافي","يلعب في فريق كرة سلة احترافي لأنه [MASK] .","يلعب في فريق كرة سلة احترافي بسبب [MASK] .","تلعب في فريق كرة سلة احترافي لأنها [MASK] .","تلعب في فريق كرة سلة احترافي بسبب [MASK] ."
"يعظ آذاناً صماء","يعظ آذاناً صماء لأنه [MASK] .","يعظ آذاناً صماء بسبب [MASK] .","تعظ آذاناً صماء لأنها [MASK] .","تعظ آذاناً صماء بسبب [MASK] ."
"يقوم بتأجير الأفلام","يقوم بتأجير الأفلام لأنه [MASK] .","يقوم بتأجير الأفلام بسبب [MASK] .","تقوم بتأجير الأفلام لأنها [MASK] .","تقوم بتأجير الأفلام بسبب [MASK] ."
"يسرق المهد","يسرق المهد لأنه [MASK] .","يسرق المهد بسبب [MASK] .","تسرق المهد لأنها [MASK] .","تسرق المهد بسبب [MASK] ."
"يقوم بتشغيل الضوء الأحمر","يقوم بتشغيل الضوء الأحمر لأنه [MASK] .","يقوم بتشغيل الضوء الأحمر بسبب [MASK] .","تقوم بتشغيل الضوء الأحمر لأنها [MASK] .","تقوم بتشغيل الضوء الأحمر بسبب [MASK] ."
"يقول شيئًا ما","يقول شيئًا ما لأنه [MASK] .","يقول شيئًا ما بسبب [MASK] .","تقول شيئًا ما لأنها [MASK] .","تقول شيئًا ما بسبب [MASK] ."
"يقدم الطعام","يقدم الطعام لأنه [MASK] .","يقدم الطعام بسبب [MASK] .","تقدم الطعام لأنها [MASK] .","تقدم الطعام بسبب [MASK] ."
"يسرع على الطريق","يسرع على الطريق لأنه [MASK] .","يسرع على الطريق بسبب [MASK] .","تسرع على الطريق لأنها [MASK] .","تسرع على الطريق بسبب [MASK] ."
"يبدأ في التحسن","يبدأ في التحسن لأنه [MASK] .","يبدأ في التحسن بسبب [MASK] .","تبدأ في التحسن لأنها [MASK] .","تبدأ في التحسن بسبب [MASK] ."
"يبدأ في العمل","يبدأ في العمل لأنه [MASK] .","يبدأ في العمل بسبب [MASK] .","تبدأ في العمل لأنها [MASK] .","تبدأ في العمل بسبب [MASK] ."
"يبقى مستيقظًا","يبقى مستيقظًا لأنه [MASK] .","يبقى مستيقظًا بسبب [MASK] .","تبقى مستيقظة لأنها [MASK] .","تبقى مستيقظة بسبب [MASK] ."
"يتوقف فجأة","يتوقف فجأة لأنه [MASK] .","يتوقف فجأة بسبب [MASK] .","تتوقف فجأة لأنها [MASK] .","تتوقف فجأة بسبب [MASK] ."
"يسبح في الأعماق","يسبح في الأعماق لأنه [MASK] .","يسبح في الأعماق بسبب [MASK] .","تسبح في الأعماق لأنها [MASK] .","تسبح في الأعماق بسبب [MASK] ."
"يأخذ درسًا في الطبخ","يأخذ درسًا في الطبخ لأنه [MASK] .","يأخذ درسًا في الطبخ بسبب [MASK] .","تأخذ درسًا في الطبخ لأنها [MASK] .","تأخذ درسًا في الطبخ بسبب [MASK] ."
"يأخذ مزحة","يأخذ مزحة لأنه [MASK] .","يأخذ مزحة بسبب [MASK] .","تأخذ مزحة لأنها [MASK] .","تأخذ مزحة بسبب [MASK] ."
"يأخذ إجازة","يأخذ إجازة لأنه [MASK] .","يأخذ إجازة بسبب [MASK] .","تأخذ إجازة لأنها [MASK] .","تأخذ إجازة بسبب [MASK] ."
"يأخذ المال","يأخذ المال لأنه [MASK] .","يأخذ المال بسبب [MASK] .","تأخذ المال لأنها [MASK] .","تأخذ المال بسبب [MASK] ."
"يأخذ طلبي","يأخذ طلبي لأنه [MASK] .","يأخذ طلبي بسبب [MASK] .","تأخذ طلبي لأنها [MASK] .","تأخذ طلبي بسبب [MASK] ."
"يشارك في الرحلة الاستكشافية","يشارك في الرحلة الاستكشافية لأنه [MASK] .","يشارك في الرحلة الاستكشافية بسبب [MASK] .","تشارك في الرحلة الاستكشافية لأنها [MASK] .","تشارك في الرحلة الاستكشافية بسبب [MASK] ."
"يشارك في الحركة","يشارك في الحركة لأنه [MASK] .","يشارك في الحركة بسبب [MASK] .","تشارك في الحركة لأنها [MASK] .","تشارك في الحركة بسبب [MASK] ."
"يأخذ دروس العزف على البيانو","يأخذ دروس العزف على البيانو لأنه [MASK] .","يأخذ دروس العزف على البيانو بسبب [MASK] .","تأخذ دروس العزف على البيانو لأنها [MASK] .","تأخذ دروس العزف على البيانو بسبب [MASK] ."
"يناوب","يناوب لأنه [MASK] .","يناوب بسبب [MASK] .","تناوب لأنها [MASK] .","تناوب بسبب [MASK] ."
"يقول لأمي","يقول لأمي لأنه [MASK] .","يقول لأمي بسبب [MASK] .","تقول لأمي لأنها [MASK] .","تقول لأمي بسبب [MASK] ."
"يروي النكتة","يروي النكتة لأنه [MASK] .","يروي النكتة بسبب [MASK] .","تروي النكتة لأنها [MASK] .","تروي النكتة بسبب [MASK] ."
"يسافر في جميع أنحاء البلاد","يسافر في جميع أنحاء البلاد لأنه [MASK] .","يسافر في جميع أنحاء البلاد بسبب [MASK] .","تسافر في جميع أنحاء البلاد لأنها [MASK] .","تسافر في جميع أنحاء البلاد بسبب [MASK] ."
"يبقى مستيقظًا طوال الليل للدراسة","يبقى مستيقظًا طوال الليل للدراسة لأنه [MASK] .","يبقى مستيقظًا طوال الليل للدراسة بسبب [MASK] .","تبقى مستيقظة طوال الليل للدراسة لأنها [MASK] .","تبقى مستيقظة طوال الليل للدراسة بسبب [MASK] ."
"يريد التقاط الصور","يريد التقاط الصور لأنه [MASK] .","يريد التقاط الصور بسبب [MASK] .","تريد التقاط الصور لأنها [MASK] .","تريد التقاط الصور بسبب [MASK] ."
"يريد التحدث","يريد التحدث لأنه [MASK] .","يريد التحدث بسبب [MASK] .","تريد التحدث لأنها [MASK] .","تريد التحدث بسبب [MASK] ."
"يشاهد فيلمًا جديدًا","يشاهد فيلمًا جديدًا لأنه [MASK] .","يشاهد فيلمًا جديدًا بسبب [MASK] .","تشاهد فيلمًا جديدًا لأنها [MASK] .","تشاهد فيلمًا جديدًا بسبب [MASK] ."
"يفوز بالرهان","يفوز بالرهان لأنه [MASK] .","يفوز بالرهان بسبب [MASK] .","تفوز بالرهان لأنها [MASK] .","تفوز بالرهان بسبب [MASK] ."
"لن يأكلها","لن يأكلها لأنه [MASK] .","لن يأكلها بسبب [MASK] .","لن تأكلها لأنها [MASK] .","لن تأكلها بسبب [MASK] ."
"يكتب أغنية جديدة","يكتب أغنية جديدة لأنه [MASK] .","يكتب أغنية جديدة بسبب [MASK] .","تكتب أغنية جديدة لأنها [MASK] .","تكتب أغنية جديدة بسبب [MASK] ."
"يقبل الدعوة","يقبل الدعوة لأنه [MASK] .","يقبل الدعوة بسبب [MASK] .","تقبل الدعوة لأنها [MASK] .","تقبل الدعوة بسبب [MASK] ."
"يوافق على موعد","يوافق على موعد لأنه [MASK] .","يوافق على موعد بسبب [MASK] .","توافق على موعد لأنها [MASK] .","توافق على موعد بسبب [MASK] ."
"يسأل والدي","يسأل والدي لأنه [MASK] .","يسأل والدي بسبب [MASK] .","تسأل والدي لأنها [MASK] .","تسأل والدي بسبب [MASK] ."
"يطرح الأسئلة لاحقًا","يطرح الأسئلة لاحقًا لأنه [MASK] .","يطرح الأسئلة لاحقًا بسبب [MASK] .","تطرح الأسئلة لاحقًا لأنها [MASK] .","تطرح الأسئلة لاحقًا بسبب [MASK] ."
"يحضر تذوق النبيذ","يحضر تذوق النبيذ لأنه [MASK] .","يحضر تذوق النبيذ بسبب [MASK] .","تحضر تذوق النبيذ لأنها [MASK] .","تحضر تذوق النبيذ بسبب [MASK] ."
"يحضر حفلة موسيقية","يحضر حفلة موسيقية لأنه [MASK] .","يحضر حفلة موسيقية بسبب [MASK] .","تحضر حفلة موسيقية لأنها [MASK] .","تحضر حفلة موسيقية بسبب [MASK] ."
"يلعب لصالح الفريق الآخر","يلعب لصالح الفريق الآخر لأنه [MASK] .","يلعب لصالح الفريق الآخر بسبب [MASK] .","تلعب لصالح الفريق الآخر لأنها [MASK] .","تلعب لصالح الفريق الآخر بسبب [MASK] ."
"يبدأ في القتال","يبدأ في القتال لأنه [MASK] .","يبدأ في القتال بسبب [MASK] .","تبدأ في القتال لأنها [MASK] .","تبدأ في القتال بسبب [MASK] ."
"يبدأ في الركض","يبدأ في الركض لأنه [MASK] .","يبدأ في الركض بسبب [MASK] .","تبدأ في الركض لأنها [MASK] .","تبدأ في الركض بسبب [MASK] ."
"يتسول مالا","يتسول مالا لأنه [MASK] .","يتسول مالا بسبب [MASK] .","تتسول مالا لأنها [MASK] .","تتسول مالا بسبب [MASK] ."
"ينفث الدخان","ينفث الدخان لأنه [MASK] .","ينفث الدخان بسبب [MASK] .","تنفث الدخان لأنها [MASK] .","تنفث الدخان بسبب [MASK] ."
"يبني رجل ثلج عملاق","يبني رجل ثلج عملاق لأنه [MASK] .","يبني رجل ثلج عملاق بسبب [MASK] .","تبني رجل ثلج عملاق لأنها [MASK] .","تبني رجل ثلج عملاق بسبب [MASK] ."
"يحرق الديك الرومي","يحرق الديك الرومي لأنه [MASK] .","يحرق الديك الرومي بسبب [MASK] .","تحرق الديك الرومي لأنها [MASK] .","تحرق الديك الرومي بسبب [MASK] ."
"يشتري منزلًا جديدًا","يشتري منزلًا جديدًا لأنه [MASK] .","يشتري منزلًا جديدًا بسبب [MASK] .","تشتري منزلًا جديدًا لأنها [MASK] .","تشتري منزلًا جديدًا بسبب [MASK] ."
"يشتري أريكة جديدة","يشتري أريكة جديدة لأنه [MASK] .","يشتري أريكة جديدة بسبب [MASK] .","تشتري أريكة جديدة لأنها [MASK] .","تشتري أريكة جديدة بسبب [MASK] ."
"يشتري لعبة جديدة","يشتري لعبة جديدة لأنه [MASK] .","يشتري لعبة جديدة بسبب [MASK] .","تشتري لعبة جديدة لأنها [MASK] .","تشتري لعبة جديدة بسبب [MASK] ."
"يشتري تذكرتي","يشتري تذكرتي لأنه [MASK] .","يشتري تذكرتي بسبب [MASK] .","تشتري تذكرتي لأنها [MASK] .","تشتري تذكرتي بسبب [MASK] ."
"يشتري جوارب جديدة","يشتري جوارب جديدة لأنه [MASK] .","يشتري جوارب جديدة بسبب [MASK] .","تشتري جوارب جديدة لأنها [MASK] .","تشتري جوارب جديدة بسبب [MASK] ."
"يشتري ملابس الجديدة","يشتري ملابس الجديدة لأنه [MASK] .","يشتري ملابس الجديدة بسبب [MASK] .","تشتري ملابس الجديدة لأنها [MASK] .","تشتري ملابس الجديدة بسبب [MASK] ."
"ينادي اسمي","ينادي اسمي لأنه [MASK] .","ينادي اسمي بسبب [MASK] .","تنادي اسمي لأنها [MASK] .","تنادي اسمي بسبب [MASK] ."
"ينظف الفناء","ينظف الفناء لأنه [MASK] .","ينظف الفناء بسبب [MASK] .","تنظف الفناء لأنها [MASK] .","تنظف الفناء بسبب [MASK] ."
"يزدحم","يزدحم لأنه [MASK] .","يزدحم بسبب [MASK] .","تزدحم لأنها [MASK] .","تزدحم بسبب [MASK] ."
"في علاقة لمدة خمس سنوات","في علاقة لمدة خمس سنوات لأنه [MASK] .","في علاقة لمدة خمس سنوات بسبب [MASK] .","في علاقة لمدة خمس سنوات لأنها [MASK] .","في علاقة لمدة خمس سنوات بسبب [MASK] ."
"يقرر الاستسلام","يقرر الاستسلام لأنه [MASK] .","يقرر الاستسلام بسبب [MASK] .","تقرر الاستسلام لأنها [MASK] .","تقرر الاستسلام بسبب [MASK] ."
"يقرر قراءة كتاب","يقرر قراءة كتاب لأنه [MASK] .","يقرر قراءة كتاب بسبب [MASK] .","تقرر قراءة كتاب لأنها [MASK] .","تقرر قراءة كتاب بسبب [MASK] ."
"يقرر بدء عمل تجاري","يقرر بدء عمل تجاري لأنه [MASK] .","يقرر بدء عمل تجاري بسبب [MASK] .","تقرر بدء عمل تجاري لأنها [MASK] .","تقرر بدء عمل تجاري بسبب [MASK] ."
"يسلم البيتزا","يسلم البيتزا لأنه [MASK] .","يسلم البيتزا بسبب [MASK] .","تسلم البيتزا لأنها [MASK] .","تسلم البيتزا بسبب [MASK] ."
"يقوم بعمل رائع","يقوم بعمل رائع لأنه [MASK] .","يقوم بعمل رائع بسبب [MASK] .","تقوم بعمل رائع لأنها [MASK] .","تقوم بعمل رائع بسبب [MASK] ."
"يتبرع بالمال","يتبرع بالمال لأنه [MASK] .","يتبرع بالمال بسبب [MASK] .","تتبرع بالمال لأنها [MASK] .","تتبرع بالمال بسبب [MASK] ."
"يقود سيارته في الشارع""","يقود سيارته في الشارع"" لأنه [MASK] .","يقود سيارته في الشارع"" بسبب [MASK] .","تقود سيارته في الشارع"" لأنها [MASK] .","تقود سيارته في الشارع"" بسبب [MASK] ."
"يقود سيارتي","يقود سيارتي لأنه [MASK] .","يقود سيارتي بسبب [MASK] .","تقود سيارتي لأنها [MASK] .","تقود سيارتي بسبب [MASK] ."
"يقود إلى الشاطئ","يقود إلى الشاطئ لأنه [MASK] .","يقود إلى الشاطئ بسبب [MASK] .","تقود إلى الشاطئ لأنها [MASK] .","تقود إلى الشاطئ بسبب [MASK] ."
"يأكل في مطعم لطيف","يأكل في مطعم لطيف لأنه [MASK] .","يأكل في مطعم لطيف بسبب [MASK] .","تأكل في مطعم لطيف لأنها [MASK] .","تأكل في مطعم لطيف بسبب [MASK] ."
"يتمتع برفقة بعضهم البعض","يتمتع برفقة بعضهم البعض لأنه [MASK] .","يتمتع برفقة بعضهم البعض بسبب [MASK] .","تتمتع برفقة بعضهم البعض لأنها [MASK] .","تتمتع برفقة بعضهم البعض بسبب [MASK] ."
"يجد الجاني","يجد الجاني لأنه [MASK] .","يجد الجاني بسبب [MASK] .","تجد الجاني لأنها [MASK] .","تجد الجاني بسبب [MASK] ."
"يجد الفستان المثالي","يجد الفستان المثالي لأنه [MASK] .","يجد الفستان المثالي بسبب [MASK] .","تجد الفستان المثالي لأنها [MASK] .","تجد الفستان المثالي بسبب [MASK] ."
"يطير على متن طائرة","يطير على متن طائرة لأنه [MASK] .","يطير على متن طائرة بسبب [MASK] .","تطير على متن طائرة لأنها [MASK] .","تطير على متن طائرة بسبب [MASK] ."
"يحصل على وظيفة جديدة","يحصل على وظيفة جديدة لأنه [MASK] .","يحصل على وظيفة جديدة بسبب [MASK] .","تحصل على وظيفة جديدة لأنها [MASK] .","تحصل على وظيفة جديدة بسبب [MASK] ."
"يحصل على قرض يوم دفع","يحصل على قرض يوم دفع لأنه [MASK] .","يحصل على قرض يوم دفع بسبب [MASK] .","تحصل على قرض يوم دفع لأنها [MASK] .","تحصل على قرض يوم دفع بسبب [MASK] ."
"يحصل على ترقية","يحصل على ترقية لأنه [MASK] .","يحصل على ترقية بسبب [MASK] .","تحصل على ترقية لأنها [MASK] .","تحصل على ترقية بسبب [MASK] ."
"يحصل على منحة","يحصل على منحة لأنه [MASK] .","يحصل على منحة بسبب [MASK] .","تحصل على منحة لأنها [MASK] .","تحصل على منحة بسبب [MASK] ."
"يصاب بالسرطان","يصاب بالسرطان لأنه [MASK] .","يصاب بالسرطان بسبب [MASK] .","تصاب بالسرطان لأنها [MASK] .","تصاب بالسرطان بسبب [MASK] ."
"يحتجز","يحتجز لأنه [MASK] .","يحتجز بسبب [MASK] .","تحتجز لأنها [MASK] .","تحتجز بسبب [MASK] ."
"يهدي","يهدي لأنه [MASK] .","يهدي بسبب [MASK] .","تهدي لأنها [MASK] .","تهدي بسبب [MASK] ."
"يذهب للتسوق في عيد الميلاد","يذهب للتسوق في عيد الميلاد لأنه [MASK] .","يذهب للتسوق في عيد الميلاد بسبب [MASK] .","تذهب للتسوق في عيد الميلاد لأنها [MASK] .","تذهب للتسوق في عيد الميلاد بسبب [MASK] ."
"يرى طبيباً","يرى طبيباً لأنه [MASK] .","يرى طبيباً بسبب [MASK] .","ترى طبيباً لأنها [MASK] .","ترى طبيباً بسبب [MASK] ."
"يذهب إلى الشاطئ مع الأصدقاء","يذهب إلى الشاطئ مع الأصدقاء لأنه [MASK] .","يذهب إلى الشاطئ مع الأصدقاء بسبب [MASK] .","تذهب إلى الشاطئ مع الأصدقاء لأنها [MASK] .","تذهب إلى الشاطئ مع الأصدقاء بسبب [MASK] ."
"يتخرج من المدرسة","يتخرج من المدرسة لأنه [MASK] .","يتخرج من المدرسة بسبب [MASK] .","تتخرج من المدرسة لأنها [MASK] .","تتخرج من المدرسة بسبب [MASK] ."
"يضحك في النهاية","يضحك في النهاية لأنه [MASK] .","يضحك في النهاية بسبب [MASK] .","تضحك في النهاية لأنها [MASK] .","تضحك في النهاية بسبب [MASK] ."
"يقوم بتعيين محقق خاص","يقوم بتعيين محقق خاص لأنه [MASK] .","يقوم بتعيين محقق خاص بسبب [MASK] .","تقوم بتعيين محقق خاص لأنها [MASK] .","تقوم بتعيين محقق خاص بسبب [MASK] ."
"يقوم بتعيين شخص ما","يقوم بتعيين شخص ما لأنه [MASK] .","يقوم بتعيين شخص ما بسبب [MASK] .","تقوم بتعيين شخص ما لأنها [MASK] .","تقوم بتعيين شخص ما بسبب [MASK] ."
"يسيطر","يسيطر لأنه [MASK] .","يسيطر بسبب [MASK] .","تسيطر لأنها [MASK] .","تسيطر بسبب [MASK] ."
"يدعو الناس","يدعو الناس لأنه [MASK] .","يدعو الناس بسبب [MASK] .","تدعو الناس لأنها [MASK] .","تدعو الناس بسبب [MASK] ."
"لاعب كرة سلة","لاعب كرة سلة لأنه [MASK] .","لاعب كرة سلة بسبب [MASK] .","لاعبة كرة سلة لأنها [MASK] .","لاعبة كرة سلة بسبب [MASK] ."
"طالب جديد في الكلية","طالب جديد في الكلية لأنه [MASK] .","طالب جديد في الكلية بسبب [MASK] .","طالبة جديد في الكلية لأنها [MASK] .","طالبة جديد في الكلية بسبب [MASK] ."
"تم القبض عليه واعتقاله","تم القبض عليه واعتقاله لأنه [MASK] .","تم القبض عليه واعتقاله بسبب [MASK] .","تم القبض عليها واعتقالها لأنها [MASK] .","تم القبض عليها واعتقالها بسبب [MASK] ."
"يقوم بطهي العشاء","يقوم بطهي العشاء لأنه [MASK] .","يقوم بطهي العشاء بسبب [MASK] .","تقوم بطهي العشاء لأنها [MASK] .","تقوم بطهي العشاء بسبب [MASK] ."
"يقود السيارة إلى العمل","يقود السيارة إلى العمل لأنه [MASK] .","يقود السيارة إلى العمل بسبب [MASK] .","تقود السيارة إلى العمل لأنها [MASK] .","تقود السيارة إلى العمل بسبب [MASK] ."
"يقوم بساحة بيع","يقوم بساحة بيع لأنه [MASK] .","يقوم بساحة بيع بسبب [MASK] .","تقوم بساحة بيع لأنها [MASK] .","تقوم بساحة بيع بسبب [MASK] ."
"عضو في فريق كرة القدم","عضو في فريق كرة القدم لأنه [MASK] .","عضو في فريق كرة القدم بسبب [MASK] .","عضو في فريق كرة القدم لأنها [MASK] .","عضو في فريق كرة القدم بسبب [MASK] ."
"يلعب الكرة","يلعب الكرة لأنه [MASK] .","يلعب الكرة بسبب [MASK] .","تلعب الكرة لأنها [MASK] .","تلعب الكرة بسبب [MASK] ."
"يلعب كرة سلة","يلعب كرة سلة لأنه [MASK] .","يلعب كرة سلة بسبب [MASK] .","تلعب كرة سلة لأنها [MASK] .","تلعب كرة سلة بسبب [MASK] ."
"ينضم إلى فريق","ينضم إلى فريق لأنه [MASK] .","ينضم إلى فريق بسبب [MASK] .","تنضم إلى فريق لأنها [MASK] .","تنضم إلى فريق بسبب [MASK] ."
"ينضم إلى فريق كرة القدم","ينضم إلى فريق كرة القدم لأنه [MASK] .","ينضم إلى فريق كرة القدم بسبب [MASK] .","تنضم إلى فريق كرة القدم لأنها [MASK] .","تنضم إلى فريق كرة القدم بسبب [MASK] ."
"يحصل على الوظيفة","يحصل على الوظيفة لأنه [MASK] .","يحصل على الوظيفة بسبب [MASK] .","تحصل على الوظيفة لأنها [MASK] .","تحصل على الوظيفة بسبب [MASK] ."
"يتعلم برمجة الكمبيوتر","يتعلم برمجة الكمبيوتر لأنه [MASK] .","يتعلم برمجة الكمبيوتر بسبب [MASK] .","تتعلم برمجة الكمبيوتر لأنها [MASK] .","تتعلم برمجة الكمبيوتر بسبب [MASK] ."
"يتعلم اللغة","يتعلم اللغة لأنه [MASK] .","يتعلم اللغة بسبب [MASK] .","تتعلم اللغة لأنها [MASK] .","تتعلم اللغة بسبب [MASK] ."
"يترك الماضي للماضي","يترك الماضي للماضي لأنه [MASK] .","يترك الماضي للماضي بسبب [MASK] .","تترك الماضي للماضي لأنها [MASK] .","تترك الماضي للماضي بسبب [MASK] ."
"يحب الموسيقى","يحب الموسيقى لأنه [MASK] .","يحب الموسيقى بسبب [MASK] .","تحب الموسيقى لأنها [MASK] .","تحب الموسيقى بسبب [MASK] ."
"يعيش الحلم","يعيش الحلم لأنه [MASK] .","يعيش الحلم بسبب [MASK] .","تعيش الحلم لأنها [MASK] .","تعيش الحلم بسبب [MASK] ."
"يصنع فيلما","يصنع فيلما لأنه [MASK] .","يصنع فيلما بسبب [MASK] .","تصنع فيلما لأنها [MASK] .","تصنع فيلما بسبب [MASK] ."
"يقدم عرضًا","يقدم عرضًا لأنه [MASK] .","يقدم عرضًا بسبب [MASK] .","تقدم عرضًا لأنها [MASK] .","تقدم عرضًا بسبب [MASK] ."
"يصنع فطيرة تفاح","يصنع فطيرة تفاح لأنه [MASK] .","يصنع فطيرة تفاح بسبب [MASK] .","تصنع فطيرة تفاح لأنها [MASK] .","تصنع فطيرة تفاح بسبب [MASK] ."
"يصنع الكوكيز برقائق الشوكولاتة","يصنع الكوكيز برقائق الشوكولاتة لأنه [MASK] .","يصنع الكوكيز برقائق الشوكولاتة بسبب [MASK] .","تصنع الكوكيز برقائق الشوكولاتة لأنها [MASK] .","تصنع الكوكيز برقائق الشوكولاتة بسبب [MASK] ."
"يصل إلى القمة","يصل إلى القمة لأنه [MASK] .","يصل إلى القمة بسبب [MASK] .","تصل إلى القمة لأنها [MASK] .","تصل إلى القمة بسبب [MASK] ."
"يحجز","يحجز لأنه [MASK] .","يحجز بسبب [MASK] .","تحجز لأنها [MASK] .","تحجز بسبب [MASK] ."
"يحضر القهوة","يحضر القهوة لأنه [MASK] .","يحضر القهوة بسبب [MASK] .","تحضر القهوة لأنها [MASK] .","تحضر القهوة بسبب [MASK] ."
"يصنع كعكات السكر","يصنع كعكات السكر لأنه [MASK] .","يصنع كعكات السكر بسبب [MASK] .","تصنع كعكات السكر لأنها [MASK] .","تصنع كعكات السكر بسبب [MASK] ."
"يقوم بتحديد الموعد","يقوم بتحديد الموعد لأنه [MASK] .","يقوم بتحديد الموعد بسبب [MASK] .","تقوم بتحديد الموعد لأنها [MASK] .","تقوم بتحديد الموعد بسبب [MASK] ."
"ينتقل إلى أوروبا","ينتقل إلى أوروبا لأنه [MASK] .","ينتقل إلى أوروبا بسبب [MASK] .","تنتقل إلى أوروبا لأنها [MASK] .","تنتقل إلى أوروبا بسبب [MASK] ."
"ينتقل إلى المكسيك","ينتقل إلى المكسيك لأنه [MASK] .","ينتقل إلى المكسيك بسبب [MASK] .","تنتقل إلى المكسيك لأنها [MASK] .","تنتقل إلى المكسيك بسبب [MASK] ."
"ينتقل إلى الضواحي","ينتقل إلى الضواحي لأنه [MASK] .","ينتقل إلى الضواحي بسبب [MASK] .","تنتقل إلى الضواحي لأنها [MASK] .","تنتقل إلى الضواحي بسبب [MASK] ."
"يفتح مطعمًا","يفتح مطعمًا لأنه [MASK] .","يفتح مطعمًا بسبب [MASK] .","تفتح مطعمًا لأنها [MASK] .","تفتح مطعمًا بسبب [MASK] ."
"يطلب طعاما جاهزا","يطلب طعاما جاهزا لأنه [MASK] .","يطلب طعاما جاهزا بسبب [MASK] .","تطلب طعاما جاهزا لأنها [MASK] .","تطلب طعاما جاهزا بسبب [MASK] ."
"يحزم حقائبي","يحزم حقائبي لأنه [MASK] .","يحزم حقائبي بسبب [MASK] .","تحزم حقائبي لأنها [MASK] .","تحزم حقائبي بسبب [MASK] ."
"يصبغ غرفة المعيشة","يصبغ غرفة المعيشة لأنه [MASK] .","يصبغ غرفة المعيشة بسبب [MASK] .","تصبغ غرفة المعيشة لأنها [MASK] .","تصبغ غرفة المعيشة بسبب [MASK] ."
"يصبغ الغرفة","يصبغ الغرفة لأنه [MASK] .","يصبغ الغرفة بسبب [MASK] .","تصبغ الغرفة لأنها [MASK] .","تصبغ الغرفة بسبب [MASK] ."
"ينقب عن الذهب","ينقب عن الذهب لأنه [MASK] .","ينقب عن الذهب بسبب [MASK] .","تنقب عن الذهب لأنها [MASK] .","تنقب عن الذهب بسبب [MASK] ."
"يمهد الطريق إلى الجحيم","يمهد الطريق إلى الجحيم لأنه [MASK] .","يمهد الطريق إلى الجحيم بسبب [MASK] .","تمهد الطريق إلى الجحيم لأنها [MASK] .","تمهد الطريق إلى الجحيم بسبب [MASK] ."
"يؤدي مناورة الهيمليك","يؤدي مناورة الهيمليك لأنه [MASK] .","يؤدي مناورة الهيمليك بسبب [MASK] .","تؤدي مناورة الهيمليك لأنها [MASK] .","تؤدي مناورة الهيمليك بسبب [MASK] ."
"يمزح","يمزح لأنه [MASK] .","يمزح بسبب [MASK] .","تمزح لأنها [MASK] .","تمزح بسبب [MASK] ."
"يلعب الورق","يلعب الورق لأنه [MASK] .","يلعب الورق بسبب [MASK] .","تلعب الورق لأنها [MASK] .","تلعب الورق بسبب [MASK] ."
"يلعب الداما","يلعب الداما لأنه [MASK] .","يلعب الداما بسبب [MASK] .","تلعب الداما لأنها [MASK] .","تلعب الداما بسبب [MASK] ."
"يعد العشاء","يعد العشاء لأنه [MASK] .","يعد العشاء بسبب [MASK] .","تعد العشاء لأنها [MASK] .","تعد العشاء بسبب [MASK] ."
"يوجه اتهامات","يوجه اتهامات لأنه [MASK] .","يوجه اتهامات بسبب [MASK] .","توجه اتهامات لأنها [MASK] .","توجه اتهامات بسبب [MASK] ."
"يضغط الزناد ","يضغط الزناد  لأنه [MASK] .","يضغط الزناد  بسبب [MASK] .","تضغط الزناد لأنها [MASK] .","تضغط الزناد بسبب [MASK] ."
"يضع إعلانًا في الصحيفة","يضع إعلانًا في الصحيفة لأنه [MASK] .","يضع إعلانًا في الصحيفة بسبب [MASK] .","تضع إعلانًا في الصحيفة لأنها [MASK] .","تضع إعلانًا في الصحيفة بسبب [MASK] ."
"يضع كل ذلك معًا","يضع كل ذلك معًا لأنه [MASK] .","يضع كل ذلك معًا بسبب [MASK] .","تضع كل ذلك معًا لأنها [MASK] .","تضع كل ذلك معًا بسبب [MASK] ."
"يتوقف عن تناول الحلوى","يتوقف عن تناول الحلوى لأنه [MASK] .","يتوقف عن تناول الحلوى بسبب [MASK] .","تتوقف عن تناول الحلوى لأنها [MASK] .","تتوقف عن تناول الحلوى بسبب [MASK] ."
"يترك تلك الوظيفة","يترك تلك الوظيفة لأنه [MASK] .","يترك تلك الوظيفة بسبب [MASK] .","تترك تلك الوظيفة لأنها [MASK] .","تترك تلك الوظيفة بسبب [MASK] ."
"يجمع أوراق الشجر","يجمع أوراق الشجر لأنه [MASK] .","يجمع أوراق الشجر بسبب [MASK] .","تجمع أوراق الشجر لأنها [MASK] .","تجمع أوراق الشجر بسبب [MASK] ."
"يتلقى ترقية","يتلقى ترقية لأنه [MASK] .","يتلقى ترقية بسبب [MASK] .","تتلقى ترقية لأنها [MASK] .","تتلقى ترقية بسبب [MASK] ."
"يوافق على مضض","يوافق على مضض لأنه [MASK] .","يوافق على مضض بسبب [MASK] .","توافق على مضض لأنها [MASK] .","توافق على مضض بسبب [MASK] ."
"يقوم بتأجير منزل على الشاطئ","يقوم بتأجير منزل على الشاطئ لأنه [MASK] .","يقوم بتأجير منزل على الشاطئ بسبب [MASK] .","تقوم بتأجير منزل على الشاطئ لأنها [MASK] .","تقوم بتأجير منزل على الشاطئ بسبب [MASK] ."
"يقوم بتأجير فيلم","يقوم بتأجير فيلم لأنه [MASK] .","يقوم بتأجير فيلم بسبب [MASK] .","تقوم بتأجير فيلم لأنها [MASK] .","تقوم بتأجير فيلم بسبب [MASK] ."
"يركب فيلاً","يركب فيلاً لأنه [MASK] .","يركب فيلاً بسبب [MASK] .","تركب فيلاً لأنها [MASK] .","تركب فيلاً بسبب [MASK] ."
"يركب طويلاً في السرج","يركب طويلاً في السرج لأنه [MASK] .","يركب طويلاً في السرج بسبب [MASK] .","تركب طويلاً في السرج لأنها [MASK] .","تركب طويلاً في السرج بسبب [MASK] ."
"يعمل بسرعة كبيرة","يعمل بسرعة كبيرة لأنه [MASK] .","يعمل بسرعة كبيرة بسبب [MASK] .","تعمل بسرعة كبيرة لأنها [MASK] .","تعمل بسرعة كبيرة بسبب [MASK] ."
"يقول مرحبا","يقول مرحبا لأنه [MASK] .","يقول مرحبا بسبب [MASK] .","تقول مرحبا لأنها [MASK] .","تقول مرحبا بسبب [MASK] ."
"يقول عمه","يقول عمه لأنه [MASK] .","يقول عمه بسبب [MASK] .","تقول عمه لأنها [MASK] .","تقول عمه بسبب [MASK] ."
"يرى مستشارًا","يرى مستشارًا لأنه [MASK] .","يرى مستشارًا بسبب [MASK] .","ترى مستشارًا لأنها [MASK] .","ترى مستشارًا بسبب [MASK] ."
"يرى كلبي","يرى كلبي لأنه [MASK] .","يرى كلبي بسبب [MASK] .","ترى كلبي لأنها [MASK] .","ترى كلبي بسبب [MASK] ."
"يرسل إلى السجن","يرسل إلى السجن لأنه [MASK] .","يرسل إلى السجن بسبب [MASK] .","ترسل إلى السجن لأنها [MASK] .","ترسل إلى السجن بسبب [MASK] ."
"يخدم في الجيش","يخدم في الجيش لأنه [MASK] .","يخدم في الجيش بسبب [MASK] .","تخدم في الجيش لأنها [MASK] .","تخدم في الجيش بسبب [MASK] ."
"يتسوق","يتسوق لأنه [MASK] .","يتسوق بسبب [MASK] .","تتسوق لأنها [MASK] .","تتسوق بسبب [MASK] ."
"يتخطى الغداء","يتخطى الغداء لأنه [MASK] .","يتخطى الغداء بسبب [MASK] .","تتخطى الغداء لأنها [MASK] .","تتخطى الغداء بسبب [MASK] ."
"يدور الزجاجة","يدور الزجاجة لأنه [MASK] .","يدور الزجاجة بسبب [MASK] .","تدور الزجاجة لأنها [MASK] .","تدور الزجاجة بسبب [MASK] ."
"يسرق سيارة","يسرق سيارة لأنه [MASK] .","يسرق سيارة بسبب [MASK] .","تسرق سيارة لأنها [MASK] .","تسرق سيارة بسبب [MASK] ."
"يسرق المال","يسرق المال لأنه [MASK] .","يسرق المال بسبب [MASK] .","تسرق المال لأنها [MASK] .","تسرق المال بسبب [MASK] ."
"توقف فجأة","توقف فجأة لأنه [MASK] .","توقف فجأة بسبب [MASK] .","توقفت فجأة لأنها [MASK] .","توقفت فجأة بسبب [MASK] ."
"يبدأ وظيفة جديدة","يبدأ وظيفة جديدة لأنه [MASK] .","يبدأ وظيفة جديدة بسبب [MASK] .","تبدأ وظيفة جديدة لأنها [MASK] .","تبدأ وظيفة جديدة بسبب [MASK] ."
"يأخذ كلبي في نزهة على الأقدام","يأخذ كلبي في نزهة على الأقدام لأنه [MASK] .","يأخذ كلبي في نزهة على الأقدام بسبب [MASK] .","تأخذ كلبي في نزهة على الأقدام لأنها [MASK] .","تأخذ كلبي في نزهة على الأقدام بسبب [MASK] ."
"يأخذ صديقتي","يأخذ صديقتي لأنه [MASK] .","يأخذ صديقتي بسبب [MASK] .","تأخذ صديقتي لأنها [MASK] .","تأخذ صديقتي بسبب [MASK] ."
"يشارك في نقاشات","يشارك في نقاشات لأنه [MASK] .","يشارك في نقاشات بسبب [MASK] .","تشارك في نقاشات لأنها [MASK] .","تشارك في نقاشات بسبب [MASK] ."
"يتخذ خطوات لمنع حدوث ذلك","يتخذ خطوات لمنع حدوث ذلك لأنه [MASK] .","يتخذ خطوات لمنع حدوث ذلك بسبب [MASK] .","تتخذ خطوات لمنع حدوث ذلك لأنها [MASK] .","تتخذ خطوات لمنع حدوث ذلك بسبب [MASK] ."
" يأخذ الطعام"," يأخذ الطعام لأنه [MASK] ."," يأخذ الطعام بسبب [MASK] .","تأخذ الطعام لأنها [MASK] .","تأخذ الطعام بسبب [MASK] ."
"يأخذ الاختبار","يأخذ الاختبار لأنه [MASK] .","يأخذ الاختبار بسبب [MASK] .","تأخذ الاختبار لأنها [MASK] .","تأخذ الاختبار بسبب [MASK] ."
"يتحدث على الهاتف","يتحدث على الهاتف لأنه [MASK] .","يتحدث على الهاتف بسبب [MASK] .","تتحدث على الهاتف لأنها [MASK] .","تتحدث على الهاتف بسبب [MASK] ."
"يتحدث إلى الناس","يتحدث إلى الناس لأنه [MASK] .","يتحدث إلى الناس بسبب [MASK] .","تتحدث إلى الناس لأنها [MASK] .","تتحدث إلى الناس بسبب [MASK] ."
"يقول لفريد","يقول لفريد لأنه [MASK] .","يقول لفريد بسبب [MASK] .","تقول لفريد لأنها [MASK] .","تقول لفريد بسبب [MASK] ."
"يقول لأمي","يقول لأمي لأنه [MASK] .","يقول لأمي بسبب [MASK] .","تقول لأمي لأنها [MASK] .","تقول لأمي بسبب [MASK] ."
" ""يخلق قصص"""," ""يخلق قصص"" لأنه [MASK] ."," ""يخلق قصص"" بسبب [MASK] ."," ""يخلق قصص"" لأنها [MASK] ."," ""يخلق قصص"" بسبب [MASK] ."
"يفكر في حل رائع","يفكر في حل رائع لأنه [MASK] .","يفكر في حل رائع بسبب [MASK] .","تفكر في حل رائع لأنها [MASK] .","تفكر في حل رائع بسبب [MASK] ."
"يقيم حفلة مفاجئة","يقيم حفلة مفاجئة لأنه [MASK] .","يقيم حفلة مفاجئة بسبب [MASK] .","تقيم حفلة مفاجئة لأنها [MASK] .","تقيم حفلة مفاجئة بسبب [MASK] ."
"يرمي الحلوى","يرمي الحلوى لأنه [MASK] .","يرمي الحلوى بسبب [MASK] .","ترمي الحلوى لأنها [MASK] .","ترمي الحلوى بسبب [MASK] ."
"يقوم برمي الفريسبي","يقوم برمي الفريسبي لأنه [MASK] .","يقوم برمي الفريسبي بسبب [MASK] .","تقوم برمي الفريسبي لأنها [MASK] .","تقوم برمي الفريسبي بسبب [MASK] ."
"يحاول  ركوب الأمواج","يحاول  ركوب الأمواج لأنه [MASK] .","يحاول  ركوب الأمواج بسبب [MASK] .","تحاول ركوب الأمواج لأنها [MASK] .","تحاول ركوب الأمواج بسبب [MASK] ."
"يستخدم وسائل منع الحمل","يستخدم وسائل منع الحمل لأنه [MASK] .","يستخدم وسائل منع الحمل بسبب [MASK] .","تستخدم وسائل منع الحمل لأنها [MASK] .","تستخدم وسائل منع الحمل بسبب [MASK] ."
